{"corpus":"canterbury","file":"asyoulik.txt","type":"text","orig":125179,"gzip_comp":48829,"gzip_ratio":0.390073,"bzip2_comp":39569,"bzip2_ratio":0.316099,"xz_comp":44592,"xz_ratio":0.356225,"zstd_comp":45141,"zstd_ratio":0.360611,"brotli_comp":42713,"brotli_ratio":0.341215,"lz4_comp":58328,"lz4_ratio":0.465956,"ppmd_comp":36344,"ppmd_ratio":0.290336}
