{"corpus":"canterbury","file":"plrabn12.txt","type":"text","orig":481861,"gzip_comp":194277,"gzip_ratio":0.403180,"bzip2_comp":145577,"bzip2_ratio":0.302114,"xz_comp":165456,"xz_ratio":0.343368,"zstd_comp":167442,"zstd_ratio":0.347490,"brotli_comp":163267,"brotli_ratio":0.338825,"lz4_comp":224674,"lz4_ratio":0.466263,"ppmd_comp":132529,"ppmd_ratio":0.275035}
