{"corpus":"canterbury","file":"cp.html","type":"text","orig":24603,"gzip_comp":7981,"gzip_ratio":0.324391,"bzip2_comp":7624,"bzip2_ratio":0.309880,"xz_comp":7652,"xz_ratio":0.311018,"zstd_comp":7716,"zstd_ratio":0.313620,"brotli_comp":6895,"brotli_ratio":0.280250,"lz4_comp":10307,"lz4_ratio":0.418932,"ppmd_comp":6692,"ppmd_ratio":0.271999}
