{"corpus":"canterbury","file":"fields.c","type":"code","orig":11150,"gzip_comp":3136,"gzip_ratio":0.281255,"bzip2_comp":3039,"bzip2_ratio":0.272556,"xz_comp":3032,"xz_ratio":0.271928,"zstd_comp":3019,"zstd_ratio":0.270762,"brotli_comp":2717,"brotli_ratio":0.243677,"lz4_comp":4221,"lz4_ratio":0.378565,"ppmd_comp":2761,"ppmd_ratio":0.247623}
