{"corpus":"canterbury","file":"lcet10.txt","type":"text","orig":426754,"gzip_comp":144429,"gzip_ratio":0.338436,"bzip2_comp":107706,"bzip2_ratio":0.252384,"xz_comp":119488,"xz_ratio":0.279992,"zstd_comp":121374,"zstd_ratio":0.284412,"brotli_comp":113416,"brotli_ratio":0.265764,"lz4_comp":164142,"lz4_ratio":0.384629,"ppmd_comp":96553,"ppmd_ratio":0.226249}
