{"corpus":"canterbury","file":"ptt5","type":"image","orig":513216,"gzip_comp":52382,"gzip_ratio":0.102066,"bzip2_comp":49759,"bzip2_ratio":0.096955,"xz_comp":39860,"xz_ratio":0.077667,"zstd_comp":43401,"zstd_ratio":0.084566,"brotli_comp":40939,"brotli_ratio":0.079769,"lz4_comp":66153,"lz4_ratio":0.128898,"ppmd_comp":49167,"ppmd_ratio":0.095801}
