{"corpus":"canterbury","file":"xargs.1","type":"text","orig":4227,"gzip_comp":1756,"gzip_ratio":0.415424,"bzip2_comp":1762,"bzip2_ratio":0.416844,"xz_comp":1812,"xz_ratio":0.428672,"zstd_comp":1728,"zstd_ratio":0.408800,"brotli_comp":1464,"brotli_ratio":0.346344,"lz4_comp":2420,"lz4_ratio":0.572510,"ppmd_comp":1610,"ppmd_ratio":0.380884}
