{"corpus":"canterbury","file":"kennedy.xls","type":"binary","orig":1029744,"gzip_comp":209733,"gzip_ratio":0.203674,"bzip2_comp":130280,"bzip2_ratio":0.126516,"xz_comp":51868,"xz_ratio":0.050369,"zstd_comp":69729,"zstd_ratio":0.067714,"brotli_comp":61498,"brotli_ratio":0.059721,"lz4_comp":324136,"lz4_ratio":0.314773,"ppmd_comp":138741,"ppmd_ratio":0.134733}
