{"corpus":"canterbury","file":"sum","type":"binary","orig":38240,"gzip_comp":12772,"gzip_ratio":0.333995,"bzip2_comp":12909,"bzip2_ratio":0.337578,"xz_comp":9500,"xz_ratio":0.248430,"zstd_comp":11232,"zstd_ratio":0.293723,"brotli_comp":10143,"brotli_ratio":0.265245,"lz4_comp":16308,"lz4_ratio":0.426464,"ppmd_comp":11722,"ppmd_ratio":0.306537}
