{"corpus":"canterbury","file":"alice29.txt","type":"text","orig":152089,"gzip_comp":54191,"gzip_ratio":0.356311,"bzip2_comp":43202,"bzip2_ratio":0.284057,"xz_comp":48528,"xz_ratio":0.319076,"zstd_comp":49215,"zstd_ratio":0.323593,"brotli_comp":46487,"brotli_ratio":0.305656,"lz4_comp":62972,"lz4_ratio":0.414047,"ppmd_comp":38986,"ppmd_ratio":0.256336}
