{"corpus":"enwik8","file":"enwik8","type":"text","orig":100000000,"gzip_comp":36445248,"gzip_ratio":0.364452,"bzip2_comp":29008758,"bzip2_ratio":0.290087,"xz_comp":24831648,"xz_ratio":0.248316,"zstd_comp":25333695,"zstd_ratio":0.253336,"brotli_comp":25742001,"brotli_ratio":0.257420,"lz4_comp":41987997,"lz4_ratio":0.419879,"ppmd_comp":22403589,"ppmd_ratio":0.224035}
