{"corpus":"silesia","file":"nci","type":"database","orig":33553445,"gzip_comp":2987533,"gzip_ratio":0.089038,"bzip2_comp":1812734,"bzip2_ratio":0.054025,"xz_comp":1449272,"xz_ratio":0.043192,"zstd_comp":1615446,"zstd_ratio":0.048145,"brotli_comp":1519768,"brotli_ratio":0.045293,"lz4_comp":3628161,"lz4_ratio":0.108130,"ppmd_comp":2300655,"ppmd_ratio":0.068566}
