{"corpus":"silesia","file":"webster","type":"text","orig":41458703,"gzip_comp":12061624,"gzip_ratio":0.290931,"bzip2_comp":8644714,"bzip2_ratio":0.208513,"xz_comp":8368672,"xz_ratio":0.201855,"zstd_comp":8458306,"zstd_ratio":0.204017,"brotli_comp":8428575,"brotli_ratio":0.203300,"lz4_comp":13850346,"lz4_ratio":0.334075,"ppmd_comp":6544130,"ppmd_ratio":0.157846}
