{"corpus":"silesia","file":"reymont","type":"text","orig":6627202,"gzip_comp":1820834,"gzip_ratio":0.274751,"bzip2_comp":1246230,"bzip2_ratio":0.188047,"xz_comp":1315592,"xz_ratio":0.198513,"zstd_comp":1347616,"zstd_ratio":0.203346,"brotli_comp":1332158,"brotli_ratio":0.201013,"lz4_comp":2066309,"lz4_ratio":0.311792,"ppmd_comp":1141461,"ppmd_ratio":0.172238}
