{"corpus":"silesia","file":"samba","type":"code","orig":21606400,"gzip_comp":5408272,"gzip_ratio":0.250308,"bzip2_comp":4549759,"bzip2_ratio":0.210574,"xz_comp":3739524,"xz_ratio":0.173074,"zstd_comp":3877354,"zstd_ratio":0.179453,"brotli_comp":3766340,"brotli_ratio":0.174315,"lz4_comp":6108252,"lz4_ratio":0.282705,"ppmd_comp":4197794,"ppmd_ratio":0.194284}
