{"corpus":"silesia","file":"ooffice","type":"exe","orig":6152192,"gzip_comp":3090442,"gzip_ratio":0.502331,"bzip2_comp":2862526,"bzip2_ratio":0.465285,"xz_comp":2427224,"xz_ratio":0.394529,"zstd_comp":2598838,"zstd_ratio":0.422424,"brotli_comp":2478855,"brotli_ratio":0.402922,"lz4_comp":3537552,"lz4_ratio":0.575006,"ppmd_comp":2543421,"ppmd_ratio":0.413417}
