{"corpus":"silesia","file":"xml","type":"text","orig":5345280,"gzip_comp":662284,"gzip_ratio":0.123900,"bzip2_comp":441186,"bzip2_ratio":0.082537,"xz_comp":434892,"xz_ratio":0.081360,"zstd_comp":453217,"zstd_ratio":0.084788,"brotli_comp":430566,"brotli_ratio":0.080550,"lz4_comp":761392,"lz4_ratio":0.142441,"ppmd_comp":496463,"ppmd_ratio":0.092878}
