{"corpus":"silesia","file":"mr","type":"image","orig":9970564,"gzip_comp":3673940,"gzip_ratio":0.368478,"bzip2_comp":2441280,"bzip2_ratio":0.244848,"xz_comp":2751892,"xz_ratio":0.276001,"zstd_comp":3105773,"zstd_ratio":0.311494,"brotli_comp":2823136,"brotli_ratio":0.283147,"lz4_comp":4192122,"lz4_ratio":0.420449,"ppmd_comp":2301139,"ppmd_ratio":0.230793}
