{"corpus":"silesia","file":"x-ray","type":"image","orig":8474240,"gzip_comp":6037713,"gzip_ratio":0.712478,"bzip2_comp":4051112,"bzip2_ratio":0.478050,"xz_comp":4491264,"xz_ratio":0.529990,"zstd_comp":5155752,"zstd_ratio":0.608402,"brotli_comp":4682753,"brotli_ratio":0.552586,"lz4_comp":7180314,"lz4_ratio":0.847310,"ppmd_comp":3851299,"ppmd_ratio":0.454471}
