{"corpus":"silesia","file":"mozilla","type":"exe","orig":51220480,"gzip_comp":18994142,"gzip_ratio":0.370831,"bzip2_comp":17914392,"bzip2_ratio":0.349750,"xz_comp":13376240,"xz_ratio":0.261150,"zstd_comp":14967875,"zstd_ratio":0.292224,"brotli_comp":13872265,"brotli_ratio":0.270834,"lz4_comp":22035615,"lz4_ratio":0.430211,"ppmd_comp":16211446,"ppmd_ratio":0.316503}
