{"corpus":"silesia","file":"osdb","type":"database","orig":10085684,"gzip_comp":3716342,"gzip_ratio":0.368476,"bzip2_comp":2802792,"bzip2_ratio":0.277898,"xz_comp":2844556,"xz_ratio":0.282038,"zstd_comp":3098446,"zstd_ratio":0.307212,"brotli_comp":2816278,"brotli_ratio":0.279235,"lz4_comp":3956812,"lz4_ratio":0.392319,"ppmd_comp":2386690,"ppmd_ratio":0.236641}
