{"corpus":"silesia","file":"sao","type":"binary","orig":7251944,"gzip_comp":5327041,"gzip_ratio":0.734567,"bzip2_comp":4940524,"bzip2_ratio":0.681268,"xz_comp":4425664,"xz_ratio":0.610272,"zstd_comp":5000515,"zstd_ratio":0.689541,"brotli_comp":4586092,"brotli_ratio":0.632394,"lz4_comp":5670974,"lz4_ratio":0.781993,"ppmd_comp":4758053,"ppmd_ratio":0.656107}
