{"corpus":"silesia","file":"dickens","type":"text","orig":10192446,"gzip_comp":3851823,"gzip_ratio":0.377909,"bzip2_comp":2799520,"bzip2_ratio":0.274666,"xz_comp":2831212,"xz_ratio":0.277775,"zstd_comp":2849388,"zstd_ratio":0.279558,"brotli_comp":2827777,"brotli_ratio":0.277438,"lz4_comp":4384871,"lz4_ratio":0.430207,"ppmd_comp":2296792,"ppmd_ratio":0.225342}
