{
  "task": "CUBR-0034",
  "title": "World benchmark \u2014 Cubrim vs standard archivers",
  "generated": "2026-06-25",
  "code_sha": "317a32337b5e327768cd3a50747b38400539b888",
  "method": "ratio = compressed/original (lower is better); RT byte-exact verified for cubrim",
  "archivers": {
    "cubrim": "competitive (built-in scheme selection)",
    "gzip": "-9",
    "bzip2": "-9",
    "xz": "-9e",
    "zstd": "--ultra -22",
    "brotli": "-q 11",
    "lz4": "-12",
    "ppmd": "7z -m0=PPMd"
  },
  "archiver_order": [
    "cubrim",
    "gzip",
    "bzip2",
    "xz",
    "zstd",
    "brotli",
    "lz4",
    "ppmd"
  ],
  "corpora": [
    "silesia",
    "enwik8",
    "canterbury"
  ],
  "files": [
    {
      "corpus": "silesia",
      "file": "dickens",
      "type": "text",
      "orig": 10192446,
      "cubrim_rt": "OK",
      "cubrim_rank": 6,
      "n_archivers": 8,
      "ratio": {
        "cubrim": 0.291223,
        "gzip": 0.377909,
        "bzip2": 0.274666,
        "xz": 0.277775,
        "zstd": 0.279558,
        "brotli": 0.277438,
        "lz4": 0.430207,
        "ppmd": 0.225342
      },
      "comp": {
        "cubrim": 2968279,
        "gzip": 3851823,
        "bzip2": 2799520,
        "xz": 2831212,
        "zstd": 2849388,
        "brotli": 2827777,
        "lz4": 4384871,
        "ppmd": 2296792
      }
    },
    {
      "corpus": "silesia",
      "file": "mozilla",
      "type": "exe",
      "orig": 51220480,
      "cubrim_rt": "OK",
      "cubrim_rank": 4,
      "n_archivers": 8,
      "ratio": {
        "cubrim": 0.308246,
        "gzip": 0.370831,
        "bzip2": 0.34975,
        "xz": 0.26115,
        "zstd": 0.292224,
        "brotli": 0.270834,
        "lz4": 0.430211,
        "ppmd": 0.316503
      },
      "comp": {
        "cubrim": 15788540,
        "gzip": 18994142,
        "bzip2": 17914392,
        "xz": 13376240,
        "zstd": 14967875,
        "brotli": 13872265,
        "lz4": 22035615,
        "ppmd": 16211446
      }
    },
    {
      "corpus": "silesia",
      "file": "mr",
      "type": "image",
      "orig": 9970564,
      "cubrim_rt": "OK",
      "cubrim_rank": 6,
      "n_archivers": 8,
      "ratio": {
        "cubrim": 0.332599,
        "gzip": 0.368478,
        "bzip2": 0.244848,
        "xz": 0.276001,
        "zstd": 0.311494,
        "brotli": 0.283147,
        "lz4": 0.420449,
        "ppmd": 0.230793
      },
      "comp": {
        "cubrim": 3316207,
        "gzip": 3673940,
        "bzip2": 2441280,
        "xz": 2751892,
        "zstd": 3105773,
        "brotli": 2823136,
        "lz4": 4192122,
        "ppmd": 2301139
      }
    },
    {
      "corpus": "silesia",
      "file": "nci",
      "type": "database",
      "orig": 33553445,
      "cubrim_rt": "OK",
      "cubrim_rank": 3,
      "n_archivers": 8,
      "ratio": {
        "cubrim": 0.047821,
        "gzip": 0.089038,
        "bzip2": 0.054025,
        "xz": 0.043192,
        "zstd": 0.048145,
        "brotli": 0.045293,
        "lz4": 0.10813,
        "ppmd": 0.068566
      },
      "comp": {
        "cubrim": 1604568,
        "gzip": 2987533,
        "bzip2": 1812734,
        "xz": 1449272,
        "zstd": 1615446,
        "brotli": 1519768,
        "lz4": 3628161,
        "ppmd": 2300655
      }
    },
    {
      "corpus": "silesia",
      "file": "ooffice",
      "type": "exe",
      "orig": 6152192,
      "cubrim_rt": "OK",
      "cubrim_rank": 5,
      "n_archivers": 8,
      "ratio": {
        "cubrim": 0.436254,
        "gzip": 0.502331,
        "bzip2": 0.465285,
        "xz": 0.394529,
        "zstd": 0.422424,
        "brotli": 0.402922,
        "lz4": 0.575006,
        "ppmd": 0.413417
      },
      "comp": {
        "cubrim": 2683924,
        "gzip": 3090442,
        "bzip2": 2862526,
        "xz": 2427224,
        "zstd": 2598838,
        "brotli": 2478855,
        "lz4": 3537552,
        "ppmd": 2543421
      }
    },
    {
      "corpus": "silesia",
      "file": "osdb",
      "type": "database",
      "orig": 10085684,
      "cubrim_rt": "OK",
      "cubrim_rank": 6,
      "n_archivers": 8,
      "ratio": {
        "cubrim": 0.314538,
        "gzip": 0.368476,
        "bzip2": 0.277898,
        "xz": 0.282038,
        "zstd": 0.307212,
        "brotli": 0.279235,
        "lz4": 0.392319,
        "ppmd": 0.236641
      },
      "comp": {
        "cubrim": 3172333,
        "gzip": 3716342,
        "bzip2": 2802792,
        "xz": 2844556,
        "zstd": 3098446,
        "brotli": 2816278,
        "lz4": 3956812,
        "ppmd": 2386690
      }
    },
    {
      "corpus": "silesia",
      "file": "reymont",
      "type": "text",
      "orig": 6627202,
      "cubrim_rt": "OK",
      "cubrim_rank": 6,
      "n_archivers": 8,
      "ratio": {
        "cubrim": 0.215834,
        "gzip": 0.274751,
        "bzip2": 0.188047,
        "xz": 0.198513,
        "zstd": 0.203346,
        "brotli": 0.201013,
        "lz4": 0.311792,
        "ppmd": 0.172238
      },
      "comp": {
        "cubrim": 1430381,
        "gzip": 1820834,
        "bzip2": 1246230,
        "xz": 1315592,
        "zstd": 1347616,
        "brotli": 1332158,
        "lz4": 2066309,
        "ppmd": 1141461
      }
    },
    {
      "corpus": "silesia",
      "file": "samba",
      "type": "code",
      "orig": 21606400,
      "cubrim_rt": "OK",
      "cubrim_rank": 5,
      "n_archivers": 8,
      "ratio": {
        "cubrim": 0.197226,
        "gzip": 0.250308,
        "bzip2": 0.210574,
        "xz": 0.173074,
        "zstd": 0.179453,
        "brotli": 0.174315,
        "lz4": 0.282705,
        "ppmd": 0.194284
      },
      "comp": {
        "cubrim": 4261362,
        "gzip": 5408272,
        "bzip2": 4549759,
        "xz": 3739524,
        "zstd": 3877354,
        "brotli": 3766340,
        "lz4": 6108252,
        "ppmd": 4197794
      }
    },
    {
      "corpus": "silesia",
      "file": "sao",
      "type": "binary",
      "orig": 7251944,
      "cubrim_rt": "OK",
      "cubrim_rank": 6,
      "n_archivers": 8,
      "ratio": {
        "cubrim": 0.695309,
        "gzip": 0.734567,
        "bzip2": 0.681268,
        "xz": 0.610272,
        "zstd": 0.689541,
        "brotli": 0.632394,
        "lz4": 0.781993,
        "ppmd": 0.656107
      },
      "comp": {
        "cubrim": 5042344,
        "gzip": 5327041,
        "bzip2": 4940524,
        "xz": 4425664,
        "zstd": 5000515,
        "brotli": 4586092,
        "lz4": 5670974,
        "ppmd": 4758053
      }
    },
    {
      "corpus": "silesia",
      "file": "webster",
      "type": "text",
      "orig": 41458703,
      "cubrim_rt": "OK",
      "cubrim_rank": 6,
      "n_archivers": 8,
      "ratio": {
        "cubrim": 0.21072,
        "gzip": 0.290931,
        "bzip2": 0.208513,
        "xz": 0.201855,
        "zstd": 0.204017,
        "brotli": 0.2033,
        "lz4": 0.334075,
        "ppmd": 0.157846
      },
      "comp": {
        "cubrim": 8736211,
        "gzip": 12061624,
        "bzip2": 8644714,
        "xz": 8368672,
        "zstd": 8458306,
        "brotli": 8428575,
        "lz4": 13850346,
        "ppmd": 6544130
      }
    },
    {
      "corpus": "silesia",
      "file": "x-ray",
      "type": "image",
      "orig": 8474240,
      "cubrim_rt": "OK",
      "cubrim_rank": 6,
      "n_archivers": 8,
      "ratio": {
        "cubrim": 0.616063,
        "gzip": 0.712478,
        "bzip2": 0.47805,
        "xz": 0.52999,
        "zstd": 0.608402,
        "brotli": 0.552586,
        "lz4": 0.84731,
        "ppmd": 0.454471
      },
      "comp": {
        "cubrim": 5220673,
        "gzip": 6037713,
        "bzip2": 4051112,
        "xz": 4491264,
        "zstd": 5155752,
        "brotli": 4682753,
        "lz4": 7180314,
        "ppmd": 3851299
      }
    },
    {
      "corpus": "silesia",
      "file": "xml",
      "type": "text",
      "orig": 5345280,
      "cubrim_rt": "OK",
      "cubrim_rank": 5,
      "n_archivers": 8,
      "ratio": {
        "cubrim": 0.09218,