{
  "task": "CUBR-0034",
  "title": "World benchmark — Cubrim (champion rail) vs standard archivers",
  "generated": "2026-06-25",
  "code_sha": "c2a476dafba4d4bc7028e6010d3852fef991026f",
  "method": "ratio=compressed/original (lower=better); cubrim = competitive champion rail (--value-scheme bwt-rans); RT 24/24 byte-exact",
  "cubrim_note": "FIRST pass used the weak BitpackFixed CLI default (H-29 trap) and undersold small files; THESE numbers are the corrected champion rail",
  "archivers": {
    "cubrim": "--value-scheme bwt-rans (competitive)",
    "gzip": "-9",
    "bzip2": "-9",
    "xz": "-9e",
    "zstd": "--ultra -22",
    "brotli": "-q 11",
    "lz4": "-12",
    "ppmd": "7z -m0=PPMd"
  },
  "archiver_order": [
    "cubrim",
    "gzip",
    "bzip2",
    "xz",
    "zstd",
    "brotli",
    "lz4",
    "ppmd"
  ],
  "corpora": [
    "silesia",
    "enwik8",
    "canterbury"
  ],
  "aggregate_overall": {
    "cubrim": 0.252363,
    "gzip": 0.332989,
    "bzip2": 0.267064,
    "xz": 0.234411,
    "zstd": 0.249034,
    "brotli": 0.240818,
    "lz4": 0.382197,
    "ppmd": 0.228592
  },
  "aggregate_by_corpus": {
    "silesia": {
      "cubrim": 0.248601,
      "gzip": 0.319111,
      "bzip2": 0.257182,
      "xz": 0.228632,
      "zstd": 0.247848,
      "brotli": 0.233863,
      "lz4": 0.365071,
      "ppmd": 0.231338
    },
    "enwik8": {
      "cubrim": 0.262223,
      "gzip": 0.364452,
      "bzip2": 0.290088,
      "xz": 0.248316,
      "zstd": 0.253337,
      "brotli": 0.25742,
      "lz4": 0.41988,
      "ppmd": 0.224036
    },
    "canterbury": {
      "cubrim": 0.185249,
      "gzip": 0.259974,
      "bzip2": 0.193081,
      "xz": 0.175424,
      "zstd": 0.185433,
      "brotli": 0.174565,
      "lz4": 0.332789,
      "ppmd": 0.183679
    }
  },
  "aggregate_by_type": {
    "binary": {
      "cubrim": 0.604718,
      "gzip": 0.667019,
      "bzip2": 0.611028,
      "xz": 0.539311,
      "zstd": 0.61076,
      "brotli": 0.559829,
      "lz4": 0.722532,
      "ppmd": 0.589971
    },
    "code": {
      "cubrim": 0.19353,
      "gzip": 0.250339,
      "bzip2": 0.21063,
      "xz": 0.173156,
      "zstd": 0.179526,
      "brotli": 0.174374,
      "lz4": 0.282787,
      "ppmd": 0.194333
    },
    "database": {
      "cubrim": 0.108232,
      "gzip": 0.153621,
      "bzip2": 0.105766,
      "xz": 0.098394,
      "zstd": 0.10802,
      "brotli": 0.099361,
      "lz4": 0.173811,
      "ppmd": 0.107412
    },
    "exe": {
      "cubrim": 0.320427,
      "gzip": 0.384932,
      "bzip2": 0.36214,
      "xz": 0.275453,
      "zstd": 0.306186,
      "brotli": 0.284998,
      "lz4": 0.445738,
      "ppmd": 0.326895
    },
    "image": {
      "cubrim": 0.363683,
      "gzip": 0.515035,
      "bzip2": 0.345086,
      "xz": 0.384165,
      "zstd": 0.438069,
      "brotli": 0.398081,
      "lz4": 0.603364,
      "ppmd": 0.327123
    },
    "text": {
      "cubrim": 0.24396,
      "gzip": 0.335439,
      "bzip2": 0.257743,
      "xz": 0.231557,
      "zstd": 0.235593,
      "brotli": 0.237416,
      "lz4": 0.385673,
      "ppmd": 0.20138
    }
  },
  "cubrim_default_overall": 0.259091,
  "revalidation": {
    "holds": [
      "H-13 BwtEntropy",
      "H-19 BwtRans",
      "H-20 Order2Rans",
      "H-21 BwtAdaptive",
      "H-22 BwtContextMix",
      "H-25 MODE_LZ (generalises 13/24)",
      "round-trip+competitive-rail invariant"
    ],
    "corpus_specific": [
      "H-24 BwtGeoMix (byte-identical to bwt-rans on unseen data)",
      "H-29 columnar (0/24, narrow CSV class)"
    ],
    "overfit": [
      "champion 'beats gzip' as a universal claim — true on large data, false on small files & behind zstd"
    ],
    "cubrim_beats_gzip": "19/24 files",
    "cubrim_beats_zstd19": "6/24 files",
    "cubrim_overall_rank": "5/8",
    "modes_selected": {
      "LZ": 13,
      "CHUNKED": 6,
      "CUBE": 5,
      "COLUMNAR": 0,
      "RAW": 0
    },
    "rt": "24/24 byte-exact"
  },
  "files": [
    {
      "corpus": "silesia",
      "file": "dickens",
      "type": "text",
      "orig": 10192446,
      "mode": "LZ",
      "cubrim_rt": "OK",
      "cubrim_rank": 6,
      "cubrim_default_ratio": 0.291223,
      "ratio": {
        "cubrim": 0.290305,
        "gzip": 0.377909,
        "bzip2": 0.274666,
        "xz": 0.277775,
        "zstd": 0.279558,
        "brotli": 0.277438,
        "lz4": 0.430207,
        "ppmd": 0.225342
      }
    },
    {
      "corpus": "silesia",
      "file": "mozilla",
      "type": "exe",
      "orig": 51220480,
      "mode": "LZ",
      "cubrim_rt": "OK",
      "cubrim_rank": 4,
      "cubrim_default_ratio": 0.308246,
      "ratio": {
        "cubrim": 0.306609,
        "gzip": 0.370831,
        "bzip2": 0.34975,
        "xz": 0.26115,
        "zstd": 0.292224,
        "brotli": 0.270834,
        "lz4": 0.430211,
        "ppmd": 0.316503
      }
    },
    {
      "corpus": "silesia",
      "file": "mr",
      "type": "image",
      "orig": 9970564,
      "mode": "CHUNKED",
      "cubrim_rt": "OK",
      "cubrim_rank": 3,
      "cubrim_default_ratio": 0.332599,
      "ratio": {
        "cubrim": 0.254041,
        "gzip": 0.368478,
        "bzip2": 0.244848,
        "xz": 0.276001,
        "zstd": 0.311494,
        "brotli": 0.283147,
        "lz4": 0.420449,
        "ppmd": 0.230793
      }
    },
    {
      "corpus": "silesia",
      "file": "nci",
      "type": "database",
      "orig": 33553445,
      "mode": "LZ",
      "cubrim_rt": "OK",
      "cubrim_rank": 3,
      "cubrim_default_ratio": 0.047821,
      "ratio": {
        "cubrim": 0.047792,
        "gzip": 0.089038,
        "bzip2": 0.054025,
        "xz": 0.043192,
        "zstd": 0.048145,
        "brotli": 0.045293,
        "lz4": 0.10813,
        "ppmd": 0.068566
      }
    },
    {
      "corpus": "silesia",
      "file": "ooffice",
      "type": "exe",
      "orig": 6152192,
      "mode": "LZ",
      "cubrim_rt": "OK",
      "cubrim_rank": 5,
      "cubrim_default_ratio": 0.436254,
      "ratio": {
        "cubrim": 0.435715,
        "gzip": 0.502331,
        "bzip2": 0.465285,
        "xz": 0.394529,
        "zstd": 0.422424,
        "brotli": 0.402922,
        "lz4": 0.575006,
        "ppmd": 0.413417
      }
    },
    {
      "corpus": "silesia",
      "file": "osdb",
      "type": "database",
      "orig": 10085684,
      "mode": "LZ",
      "cubrim_rt": "OK",
      "cubrim_rank": 6,
      "cubrim_default_ratio": 0.314538,
      "ratio": {
        "cubrim": 0.309304,
        "gzip": 0.368476,
        "bzip2": 0.277898,
        "xz": 0.282038,
        "zstd": 0.307212,
        "brotli": 0.279235,
        "lz4": 0.392319,
        "ppmd": 0.236641
      }
    },
    {
      "corpus": "silesia",
      "file": "reymont",
      "type": "text",
      "orig": 6627202,
      "mode": "LZ",
      "cubrim_rt": "OK",
      "cubrim_rank": 6,
      "cubrim_default_ratio": 0.215834,
      "ratio": {
        "cubrim": 0.213606,
        "gzip": 0.274751,
        "bzip2": 0.188047,
        "xz": 0.198513,
        "zstd": 0.203346,
        "brotli": 0.201013,
        "lz4": 0.311792,
        "ppmd": 0.172238
      }
    },
    {
      "corpus": "silesia",
      "file": "samba",
      "type": "code",
      "orig": 21606400,
      "mode": "LZ",
      "cubrim_rt": "OK",
      "cubrim_rank": 4,
      "cubrim_default_ratio": 0.197226,
      "ratio": {
        "cubrim": 0.193439,
        "gzip": 0.250308,
        "bzip2": 0.210574,
        "xz": 0.173074,
        "zstd": 0.179453,
        "brotli": 0.174315,
        "lz4": 0.282705,
        "ppmd": 0.194284
      }
    },
    {
      "corpus": "silesia",
      "file": "sao",
      "type": "binary",
      "orig": 7251944,
      "mode": "SOA",
      "cubrim_rt": "OK",
      "cubrim_rank": 2,
      "cubrim_default_ratio": 0.695309,
      "ratio": {
        "cubrim": 0.624436,
        "gzip": 0.734567,
        "bzip2": 0.681268,
        "xz": 0.610272,
        "zstd": 0.689541,
        "brotli": 0.632394,
        "lz4": 0.781993,