schema	status	run_id	code_sha	grid_index	cell	cohort	file	relative_path	excluded_from_broad_claims	input_bytes	input_sha256	order	memory_mib	cpu_set	archive_bytes	archive_sha256	member_method	member_paths	inspection_returncode	encode_returncode	encode_elapsed_seconds	encode_peak_rss_kib	decode_returncode	decode_elapsed_seconds	decode_peak_rss_kib	cmp_returncode	cmp_equal	sha256_equal	round_trip	decoded_bytes	decoded_sha256	encode_time_sha256	decode_time_sha256
new02-ppmd-oracle-results-v1	PASS	4352d71ee8f4479c17312750d3b08f7095f0fb57737fbf55ac8877b10e0864ba	708cda945a285526610371d812e4f54725eb6baf	0	world/dickens/order=4/mem=16MiB	world	dickens	silesia/dickens	false	10192446	b24c37886142e11d0ee687db6ab06f936207aa7f2ea1fd1d9a36763c7a507e6a	4	16	0-15	2498671	c9737747ddbc94649370d77e6ac01d0e564545c92ebefac2a87534c1d799a909	PPMD:o4:mem24	"[""dickens""]"	0	0	0.37	11392	0	0.4	10240	0	true	true	true	10192446	b24c37886142e11d0ee687db6ab06f936207aa7f2ea1fd1d9a36763c7a507e6a	2db3a2056c5f69b378b7f62194e8fda91f01ca56628037d8d1113c99bd4aa102	9d784d5d9191ebd66ecad5982fc7b7a2f6b1a9fe76dd3d47854cb8d16720d790
new02-ppmd-oracle-results-v1	PASS	4352d71ee8f4479c17312750d3b08f7095f0fb57737fbf55ac8877b10e0864ba	708cda945a285526610371d812e4f54725eb6baf	1	world/dickens/order=4/mem=64MiB	world	dickens	silesia/dickens	false	10192446	b24c37886142e11d0ee687db6ab06f936207aa7f2ea1fd1d9a36763c7a507e6a	4	64	0-15	2498671	7ed629ad5a68449e70c52a5943b9bd50b44b23f70d3ce6fbbe25ab66c9b91ac8	PPMD:o4:mem26	"[""dickens""]"	0	0	0.35	11392	0	0.39	10240	0	true	true	true	10192446	b24c37886142e11d0ee687db6ab06f936207aa7f2ea1fd1d9a36763c7a507e6a	256535255de3350b624e6c1b805cf2d56b17b56326528b13551cec39c0b9b31d	ad95a280e5b2200bb749f950c84e202f08ba86505be5d093be2e0844526febba
new02-ppmd-oracle-results-v1	PASS	4352d71ee8f4479c17312750d3b08f7095f0fb57737fbf55ac8877b10e0864ba	708cda945a285526610371d812e4f54725eb6baf	2	world/dickens/order=4/mem=256MiB	world	dickens	silesia/dickens	false	10192446	b24c37886142e11d0ee687db6ab06f936207aa7f2ea1fd1d9a36763c7a507e6a	4	256	0-15	2498671	ed46b9aa1bb680e4f96e01901d4b3fb93f77ed49a53a60f6fb1cf9a03761b565	PPMD:o4:mem28	"[""dickens""]"	0	0	0.36	11392	0	0.42	10112	0	true	true	true	10192446	b24c37886142e11d0ee687db6ab06f936207aa7f2ea1fd1d9a36763c7a507e6a	0add7434514588050ffe43c68e80e6c59e08e00a184bf11bfe2c67d52b924c95	67e3c231a36bc9b90cbe59c7ebab7f8375159a6f58c69f97b834d3b92c503420
new02-ppmd-oracle-results-v1	PASS	4352d71ee8f4479c17312750d3b08f7095f0fb57737fbf55ac8877b10e0864ba	708cda945a285526610371d812e4f54725eb6baf	3	world/dickens/order=6/mem=16MiB	world	dickens	silesia/dickens	false	10192446	b24c37886142e11d0ee687db6ab06f936207aa7f2ea1fd1d9a36763c7a507e6a	6	16	0-15	2341442	500702db29b88716b091a45ee5af0b3c9d195146c22731b908695fb92aa29e71	PPMD:o6:mem24	"[""dickens""]"	0	0	0.76	24320	0	0.76	23168	0	true	true	true	10192446	b24c37886142e11d0ee687db6ab06f936207aa7f2ea1fd1d9a36763c7a507e6a	76fa7d975150743ce9a02599e760a67c89e85389de8fbc1a84247fdacfc5dcb5	67c4d8358d92d33ec515466ac09ca1c4efddbb4fd68a1966a95a8c5e42f63a1f
new02-ppmd-oracle-results-v1	PASS	4352d71ee8f4479c17312750d3b08f7095f0fb57737fbf55ac8877b10e0864ba	708cda945a285526610371d812e4f54725eb6baf	4	world/dickens/order=6/mem=64MiB	world	dickens	silesia/dickens	false	10192446	b24c37886142e11d0ee687db6ab06f936207aa7f2ea1fd1d9a36763c7a507e6a	6	64	0-15	2296792	5529a5a72eedf29e6ede44b1dd1c529a793c903d2c314c85614f1e418688c36e	PPMD:o6:mem26	"[""dickens""]"	0	0	0.78	29696	0	0.79	28672	0	true	true	true	10192446	b24c37886142e11d0ee687db6ab06f936207aa7f2ea1fd1d9a36763c7a507e6a	3ae181005b46201d53393e695eacb466aad73dbb0a91459ff8cdb6afd9d3fdca	7ed35ad1fedd6bb4a5b61d802c409de30a4a82c1930501fc642993236bd136ec
new02-ppmd-oracle-results-v1	PASS	4352d71ee8f4479c17312750d3b08f7095f0fb57737fbf55ac8877b10e0864ba	708cda945a285526610371d812e4f54725eb6baf	5	world/dickens/order=6/mem=256MiB	world	dickens	silesia/dickens	false	10192446	b24c37886142e11d0ee687db6ab06f936207aa7f2ea1fd1d9a36763c7a507e6a	6	256	0-15	2296792	29bf5e6145140f9a64007185c1043233e198d126233753677ba7044d264f4fb9	PPMD:o6:mem28	"[""dickens""]"	0	0	0.75	29696	0	0.77	28672	0	true	true	true	10192446	b24c37886142e11d0ee687db6ab06f936207aa7f2ea1fd1d9a36763c7a507e6a	ad3c32b104575cac459891ef00ae24bcdb1559d68020d15b06e097fe8098da99	0357f3704feab2754e6b114fd81b4c90ddcd85a8ca71ae357710730ad59b70c3
new02-ppmd-oracle-results-v1	PASS	4352d71ee8f4479c17312750d3b08f7095f0fb57737fbf55ac8877b10e0864ba	708cda945a285526610371d812e4f54725eb6baf	6	world/dickens/order=8/mem=16MiB	world	dickens	silesia/dickens	false	10192446	b24c37886142e11d0ee687db6ab06f936207aa7f2ea1fd1d9a36763c7a507e6a	8	16	0-15	2455623	20428c867899eb11320765ebf018ead17aa0460a7b1f38a7f5ca83544baec1b9	PPMD:o8:mem24	"[""dickens""]"	0	0	1.04	24320	0	1.11	23168	0	true	true	true	10192446	b24c37886142e11d0ee687db6ab06f936207aa7f2ea1fd1d9a36763c7a507e6a	b24b8c89e576430b9b901ff060ec0514ee855125a5f80c990772811aaf8183aa	3846d27bab45a900bce01c3e87a3cf4a5a04977b898a2738dce9d0cd464fc28e
new02-ppmd-oracle-results-v1	PASS	4352d71ee8f4479c17312750d3b08f7095f0fb57737fbf55ac8877b10e0864ba	708cda945a285526610371d812e4f54725eb6baf	7	world/dickens/order=8/mem=64MiB	world	dickens	silesia/dickens	false	10192446	b24c37886142e11d0ee687db6ab06f936207aa7f2ea1fd1d9a36763c7a507e6a	8	64	0-15	2272524	52ee4f62b6f83f213c8671791fcdc79d1ae63ae184da5bcc34f7adf80e863fe2	PPMD:o8:mem26	"[""dickens""]"	0	0	1.56	71296	0	1.74	70144	0	true	true	true	10192446	b24c37886142e11d0ee687db6ab06f936207aa7f2ea1fd1d9a36763c7a507e6a	6b8d26a36ae1423619495820f85fd04c818e321384dd18142065eae9bdc3c606	916d944fbfc49031d508d01e2f1dbb0aac0459d2b50a884832705a15bf43bdf8
new02-ppmd-oracle-results-v1	PASS	4352d71ee8f4479c17312750d3b08f7095f0fb57737fbf55ac8877b10e0864ba	708cda945a285526610371d812e4f54725eb6baf	8	world/dickens/order=8/mem=256MiB	world	dickens	silesia/dickens	false	10192446	b24c37886142e11d0ee687db6ab06f936207aa7f2ea1fd1d9a36763c7a507e6a	8	256	0-15	2272524	d48890b0383302254003e1ca7b00b2cf4e5c8d6d83f550d5ecd6f9956f471603	PPMD:o8:mem28	"[""dickens""]"	0	0	1.63	71168	0	1.64	70144	0	true	true	true	10192446	b24c37886142e11d0ee687db6ab06f936207aa7f2ea1fd1d9a36763c7a507e6a	3dcf9e7e9003156ca4c339500e0c99ad9f2d14e5a43fdce2cdce55798b455140	64af8f8a911f5c56f13b80b702317fc17c7ec936d7e62119fd38ad5358d0a546
new02-ppmd-oracle-results-v1	PASS	4352d71ee8f4479c17312750d3b08f7095f0fb57737fbf55ac8877b10e0864ba	708cda945a285526610371d812e4f54725eb6baf	9	world/reymont/order=4/mem=16MiB	world	reymont	silesia/reymont	false	6627202	0eac0114a3dfe6e2ee1f345a0f79d653cb26c3bc9f0ed79238af4933422b7578	4	16	0-15	1263399	36c5b81c3cafea040e714bd58d82ef6e9cd43b601bc10aabbc258a46f6f603d3	PPMD:o4:mem24	"[""reymont""]"	0	0	0.17	10368	0	0.21	9344	0	true	true	true	6627202	0eac0114a3dfe6e2ee1f345a0f79d653cb26c3bc9f0ed79238af4933422b7578	2eb4f434338438068d597cb033c57d13bf9923d796ebf5dff427ab137d15e4b5	b5344c0031e95db999b63d7c8bf4cf8f65a9918b3dcd0bd89cfd9075451d656d
new02-ppmd-oracle-results-v1	PASS	4352d71ee8f4479c17312750d3b08f7095f0fb57737fbf55ac8877b10e0864ba	708cda945a285526610371d812e4f54725eb6baf	10	world/reymont/order=4/mem=64MiB	world	reymont	silesia/reymont	false	6627202	0eac0114a3dfe6e2ee1f345a0f79d653cb26c3bc9f0ed79238af4933422b7578	4	64	0-15	1263399	ff0948d86672459ffec75564edf3c26a1f7b7db8b3deb8434ca5d8cbe0fddf7b	PPMD:o4:mem26	"[""reymont""]"	0	0	0.16	10368	0	0.2	9344	0	true	true	true	6627202	0eac0114a3dfe6e2ee1f345a0f79d653cb26c3bc9f0ed79238af4933422b7578	11ab07d43ffd35d580b24411fcdad24bcba92021009abd4699de03e7e0d19529	b166908130a67e494bfb0c325c638cdc9f622fdb0be159009ef8b8cdc9197aa4
new02-ppmd-oracle-results-v1	PASS	4352d71ee8f4479c17312750d3b08f7095f0fb57737fbf55ac8877b10e0864ba	708cda945a285526610371d812e4f54725eb6baf	11	world/reymont/order=4/mem=256MiB	world	reymont	silesia/reymont	false	6627202	0eac0114a3dfe6e2ee1f345a0f79d653cb26c3bc9f0ed79238af4933422b7578	4	256	0-15	1263399	77f692bda36cc21afd3b6cb2f5b904f0165d4d175460746e982441be690ac399	PPMD:o4:mem27	"[""reymont""]"	0	0	0.18	10368	0	0.25	9344	0	true	true	true	6627202	0eac0114a3dfe6e2ee1f345a0f79d653cb26c3bc9f0ed79238af4933422b7578	a25e1c13d351cbd57e18821f2ee6f9a0d76b446cf20b54baeaa60803e1bd7bff	73885feb0a21cdbe9a73297bf7ac626e6245473db53925b66efc9b09fa9c6072
new02-ppmd-oracle-results-v1	PASS	4352d71ee8f4479c17312750d3b08f7095f0fb57737fbf55ac8877b10e0864ba	708cda945a285526610371d812e4f54725eb6baf	12	world/reymont/order=6/mem=16MiB	world	reymont	silesia/reymont	false	6627202	0eac0114a3dfe6e2ee1f345a0f79d653cb26c3bc9f0ed79238af4933422b7578	6	16	0-15	1141461	be766b036e99dedb6d98ded43f52ce1091f7fbf972fd8cb740d3117160c7a086	PPMD:o6:mem24	"[""reymont""]"	0	0	0.28	16256	0	0.33	15232	0	true	true	true	6627202	0eac0114a3dfe6e2ee1f345a0f79d653cb26c3bc9f0ed79238af4933422b7578	1db4ff96aba7594861ec45be308dc33212ab9ec727d169fe6d2770adbd3e04cc	b4f65187e2208af45f71035df85cc963b2f87358fa4983d308fe1b472d40b723
new02-ppmd-oracle-results-v1	PASS	4352d71ee8f4479c17312750d3b08f7095f0fb57737fbf55ac8877b10e0864ba	708cda945a285526610371d812e4f54725eb6baf	13	world/reymont/order=6/mem=64MiB	world	reymont	silesia/reymont	false	6627202	0eac0114a3dfe6e2ee1f345a0f79d653cb26c3bc9f0ed79238af4933422b7578	6	64	0-15	1141461	604266d526ddde7d72e7454806b8b752b5cd48b3c0d156d72ca12bd5d7028c4f	PPMD:o6:mem26	"[""reymont""]"	0	0	0.33	16384	0	0.37	15232	0	true	true	true	6627202	0eac0114a3dfe6e2ee1f345a0f79d653cb26c3bc9f0ed79238af4933422b7578	143b0f40ec77f45598f2eb21d41fcd78318ba02fb139d73ee6eb1f96e8ffa68e	ed82e5b9bfc5b6c43b58a13a56f31ee797a3678c2f458fc6e664f04a58a78277
new02-ppmd-oracle-results-v1	PASS	4352d71ee8f4479c17312750d3b08f7095f0fb57737fbf55ac8877b10e0864ba	708cda945a285526610371d812e4f54725eb6baf	14	world/reymont/order=6/mem=256MiB	world	reymont	silesia/reymont	false	6627202	0eac0114a3dfe6e2ee1f345a0f79d653cb26c3bc9f0ed79238af4933422b7578	6	256	0-15	1141461	97c93d5e1defae207315a3455164213f0951c3bea6210719792c60b1e2ef2abd	PPMD:o6:mem27	"[""reymont""]"	0	0	0.32	16384	0	0.33	15232	0	true	true	true	6627202	0eac0114a3dfe6e2ee1f345a0f79d653cb26c3bc9f0ed79238af4933422b7578	aa9ea023a101f3c6b1b4976ab554d517861650e29a5f0222e0e55d32f254a785	5c3e2251b558138db6bbe6aa08870d93d5dc7328ef2e9cadc4aaffdf63a1ada2
new02-ppmd-oracle-results-v1	PASS	4352d71ee8f4479c17312750d3b08f7095f0fb57737fbf55ac8877b10e0864ba	708cda945a285526610371d812e4f54725eb6baf	15	world/reymont/order=8/mem=16MiB	world	reymont	silesia/reymont	false	6627202	0eac0114a3dfe6e2ee1f345a0f79d653cb26c3bc9f0ed79238af4933422b7578	8	16	0-15	1096885	0968379c38dfc18b8b1839a295dcf59e972a26f2a02a67d3397605906605646d	PPMD:o8:mem24	"[""reymont""]"	0	0	0.55	24320	0	0.51	23168	0	true	true	true	6627202	0eac0114a3dfe6e2ee1f345a0f79d653cb26c3bc9f0ed79238af4933422b7578	01a94f07c50d1022f6aef17bf0b7c8006e54c5f6e08c382d95ed9810d398e530	8b6d5d740af35075c52310333423f4182491528fbc87335d1af0ce6070380bb4
new02-ppmd-oracle-results-v1	PASS	4352d71ee8f4479c17312750d3b08f7095f0fb57737fbf55ac8877b10e0864ba	708cda945a285526610371d812e4f54725eb6baf	16	world/reymont/order=8/mem=64MiB	world	reymont	silesia/reymont	false	6627202	0eac0114a3dfe6e2ee1f345a0f79d653cb26c3bc9f0ed79238af4933422b7578	8	64	0-15	1071818	c0114ba346d4cadc69381553f9bb33d3b2aee0ee12dd94e7654075276f43e227	PPMD:o8:mem26	"[""reymont""]"	0	0	0.5	30464	0	0.56	29312	0	true	true	true	6627202	0eac0114a3dfe6e2ee1f345a0f79d653cb26c3bc9f0ed79238af4933422b7578	b1934087114f172557a4b2672223d9951e5939573ef301934a2b6398f0c3e7e0	68ad95b0f767b01ce383e0707c5894b851eeca3b36ac9330dbebc390ce212f27
new02-ppmd-oracle-results-v1	PASS	4352d71ee8f4479c17312750d3b08f7095f0fb57737fbf55ac8877b10e0864ba	708cda945a285526610371d812e4f54725eb6baf	17	world/reymont/order=8/mem=256MiB	world	reymont	silesia/reymont	false	6627202	0eac0114a3dfe6e2ee1f345a0f79d653cb26c3bc9f0ed79238af4933422b7578	8	256	0-15	1071818	6a78a151b7aafebd3a5fae96bb2fd7a2978a7617ccc68b91d77dd8cfb86c1acd	PPMD:o8:mem27	"[""reymont""]"	0	0	0.59	30464	0	0.69	29312	0	true	true	true	6627202	0eac0114a3dfe6e2ee1f345a0f79d653cb26c3bc9f0ed79238af4933422b7578	fd95a5f9fa0f43a3796ddd0f90a44fb91ae4a69532a686944b222c6c2d76a24d	9c7eeeeab5d60ebe98eb604c157bb955787aea311bccd6d392fc380f0884b24a
new02-ppmd-oracle-results-v1	PASS	4352d71ee8f4479c17312750d3b08f7095f0fb57737fbf55ac8877b10e0864ba	708cda945a285526610371d812e4f54725eb6baf	18	world/webster/order=4/mem=16MiB	world	webster	silesia/webster	false	41458703	6a68f69b26daf09f9dd84f7470368553194a0b294fcfa80f1604efb11143a383	4	16	0-15	7673604	1b23d64c08620c069713d338165ba2f345c1138ea701217ebf3a8c78282dad74	PPMD:o4:mem24	"[""webster""]"	0	0	1.82	16768	0	2.11	15616	0	true	true	true	41458703	6a68f69b26daf09f9dd84f7470368553194a0b294fcfa80f1604efb11143a383	0dd359723bfdec29da40667e7101556bfae57be42e1f5b80099381e1641eddc1	088653dd097e24a98483d780d17b94b222806845c7484a08a60a981e5bd4c9b1
new02-ppmd-oracle-results-v1	PASS	4352d71ee8f4479c17312750d3b08f7095f0fb57737fbf55ac8877b10e0864ba	708cda945a285526610371d812e4f54725eb6baf	19	world/webster/order=4/mem=64MiB	world	webster	silesia/webster	false	41458703	6a68f69b26daf09f9dd84f7470368553194a0b294fcfa80f1604efb11143a383	4	64	0-15	7673604	48032f3fb55b76af420bb486388ebf7a7c2709b9e0d45a027fc014d5fa54f4e2	PPMD:o4:mem26	"[""webster""]"	0	0	1.87	16640	0	2.01	15616	0	true	true	true	41458703	6a68f69b26daf09f9dd84f7470368553194a0b294fcfa80f1604efb11143a383	b83a90b022501bcc87b000b88162eed39fe97d49a77d48b9d925a9dd16ad7f98	0a669a77a2e011c32127be4db87aa8113b93d451a1824549f098ba80be0b20ef
new02-ppmd-oracle-results-v1	PASS	4352d71ee8f4479c17312750d3b08f7095f0fb57737fbf55ac8877b10e0864ba	708cda945a285526610371d812e4f54725eb6baf	20	world/webster/order=4/mem=256MiB	world	webster	silesia/webster	false	41458703	6a68f69b26daf09f9dd84f7470368553194a0b294fcfa80f1604efb11143a383	4	256	0-15	7673604	20d7bfdf50d07fdf779f3e7436a0e07eb009e1a83d2b3b2e8a74d468ef44aeef	PPMD:o4:mem28	"[""webster""]"	0	0	1.57	16768	0	1.72	15616	0	true	true	true	41458703	6a68f69b26daf09f9dd84f7470368553194a0b294fcfa80f1604efb11143a383	91ca91bdabc7adf81f3fb095745a1bce4b9378f17a6f6c4f0f854cbc1a10f72d	be7f5b8321434189742bf50096ee2aabac4f6b26d8048e3d2dfca9367849a1de
new02-ppmd-oracle-results-v1	PASS	4352d71ee8f4479c17312750d3b08f7095f0fb57737fbf55ac8877b10e0864ba	708cda945a285526610371d812e4f54725eb6baf	21	world/webster/order=6/mem=16MiB	world	webster	silesia/webster	false	41458703	6a68f69b26daf09f9dd84f7470368553194a0b294fcfa80f1604efb11143a383	6	16	0-15	7068044	f653fa80dbf97513adeba7c434cc0f72ad0a3ddba40ab27469adbc76210c2950	PPMD:o6:mem24	"[""webster""]"	0	0	2.81	24192	0	2.92	23296	0	true	true	true	41458703	6a68f69b26daf09f9dd84f7470368553194a0b294fcfa80f1604efb11143a383	1bca878ca775dfbe30c4a34981cc3f57a41e69e952fb5c84b8e4c4ecf1a19e5c	9551660cf8e73fe56649c7cfcc064b01db46c74476ca669d9fa7f210a3d5208b
new02-ppmd-oracle-results-v1	PASS	4352d71ee8f4479c17312750d3b08f7095f0fb57737fbf55ac8877b10e0864ba	708cda945a285526610371d812e4f54725eb6baf	22	world/webster/order=6/mem=64MiB	world	webster	silesia/webster	false	41458703	6a68f69b26daf09f9dd84f7470368553194a0b294fcfa80f1604efb11143a383	6	64	0-15	6544130	8a332be56c2190d5fe7291b70793ba2a43953d487631e2e86cb5b0d61187cd6e	PPMD:o6:mem26	"[""webster""]"	0	0	3.48	60928	0	3.38	59776	0	true	true	true	41458703	6a68f69b26daf09f9dd84f7470368553194a0b294fcfa80f1604efb11143a383	677f088c39194d0dd12b3f09fb4b5f728ff3c084735063778a609381913d7462	0d86411710924d6d94bd534c280629c010ce56a996d70f660f909f124eab8373
new02-ppmd-oracle-results-v1	PASS	4352d71ee8f4479c17312750d3b08f7095f0fb57737fbf55ac8877b10e0864ba	708cda945a285526610371d812e4f54725eb6baf	23	world/webster/order=6/mem=256MiB	world	webster	silesia/webster	false	41458703	6a68f69b26daf09f9dd84f7470368553194a0b294fcfa80f1604efb11143a383	6	256	0-15	6544130	6a6527907accc6c1e628481bbe16efec849eb25f0d9faf187060b451fbde3622	PPMD:o6:mem28	"[""webster""]"	0	0	2.88	60928	0	3.1	59648	0	true	true	true	41458703	6a68f69b26daf09f9dd84f7470368553194a0b294fcfa80f1604efb11143a383	0e770c26c1beb4cb6b29f7041ed7bfa4e45f1ddcb58b038ab79c0a2e21856508	b17a4fe5858afeb5192cb5c1a515a1f8a827aca48765c8b76c6322ddd2136c84
new02-ppmd-oracle-results-v1	PASS	4352d71ee8f4479c17312750d3b08f7095f0fb57737fbf55ac8877b10e0864ba	708cda945a285526610371d812e4f54725eb6baf	24	world/webster/order=8/mem=16MiB	world	webster	silesia/webster	false	41458703	6a68f69b26daf09f9dd84f7470368553194a0b294fcfa80f1604efb11143a383	8	16	0-15	7387437	16d1c41f10b4515a5639b49201deceb48217565ee39bb764c3217f1d8329b2c9	PPMD:o8:mem24	"[""webster""]"	0	0	2.97	24320	0	4.4	23296	0	true	true	true	41458703	6a68f69b26daf09f9dd84f7470368553194a0b294fcfa80f1604efb11143a383	d7ed0e72b9405e8201cbab62f90799390045d1c673b31f1267cd9826578dd772	de675fefb5573fe5a6f76dbc05937f9fad567bca47c9c1846f5d2de55a59056d
new02-ppmd-oracle-results-v1	PASS	4352d71ee8f4479c17312750d3b08f7095f0fb57737fbf55ac8877b10e0864ba	708cda945a285526610371d812e4f54725eb6baf	25	world/webster/order=8/mem=64MiB	world	webster	silesia/webster	false	41458703	6a68f69b26daf09f9dd84f7470368553194a0b294fcfa80f1604efb11143a383	8	64	0-15	6763725	93eca5784f33acbd3703580a4a01b38f74fee17f1bfdfe360a13dd566cb67570	PPMD:o8:mem26	"[""webster""]"	0	0	5.4	73472	0	4.32	72320	0	true	true	true	41458703	6a68f69b26daf09f9dd84f7470368553194a0b294fcfa80f1604efb11143a383	bde7d2c531896b5992e124c3a2b567aa5436d61993680c99f55e4bf7a40769fd	918d5ab2e22613fcb1a0f59177e8cf1ed73b840c2b4acbf373a5a7997d38078a
new02-ppmd-oracle-results-v1	PASS	4352d71ee8f4479c17312750d3b08f7095f0fb57737fbf55ac8877b10e0864ba	708cda945a285526610371d812e4f54725eb6baf	26	world/webster/order=8/mem=256MiB	world	webster	silesia/webster	false	41458703	6a68f69b26daf09f9dd84f7470368553194a0b294fcfa80f1604efb11143a383	8	256	0-15	6396385	ec75d573f21babd225fb3ed19d3fdee1e6042341750ca771ac8504f657a0d8bb	PPMD:o8:mem28	"[""webster""]"	0	0	5.11	157440	0	5.79	156416	0	true	true	true	41458703	6a68f69b26daf09f9dd84f7470368553194a0b294fcfa80f1604efb11143a383	2e76540f9ab2c3086ab0c501b3cdb024b3b56d1a377264cfc93028ca97e47d50	413abedeb1703a0ef13fafdcc67f770ffafb8eaa52549c8596b20a73b5de268b
new02-ppmd-oracle-results-v1	PASS	4352d71ee8f4479c17312750d3b08f7095f0fb57737fbf55ac8877b10e0864ba	708cda945a285526610371d812e4f54725eb6baf	27	world/xml/order=4/mem=16MiB	world	xml	silesia/xml	false	5345280	0e82e54e695c1938e4193448022543845b33020c8be6bf3bf3ead2224903e08c	4	16	0-15	606520	9819c5e54b7a62a7327cbf6f8f920e9b4f4242abb704358342382a0a6e767c68	PPMD:o4:mem24	"[""xml""]"	0	0	0.12	10624	0	0.15	9600	0	true	true	true	5345280	0e82e54e695c1938e4193448022543845b33020c8be6bf3bf3ead2224903e08c	eb4e5570b9c26a739ef9c98b5fcb3b9ec6d9f1296a1eeb9da49a5d4a2de460fe	f0a830b85fb565484fde0fde1f58c3ecc756f95064a0ab49a05fece463321586
new02-ppmd-oracle-results-v1	PASS	4352d71ee8f4479c17312750d3b08f7095f0fb57737fbf55ac8877b10e0864ba	708cda945a285526610371d812e4f54725eb6baf	28	world/xml/order=4/mem=64MiB	world	xml	silesia/xml	false	5345280	0e82e54e695c1938e4193448022543845b33020c8be6bf3bf3ead2224903e08c	4	64	0-15	606520	9eb6a273050c18e60e464ed414d781d4f1ae30b038b035b67ca717bb81d90acd	PPMD:o4:mem26	"[""xml""]"	0	0	0.12	10752	0	0.16	9600	0	true	true	true	5345280	0e82e54e695c1938e4193448022543845b33020c8be6bf3bf3ead2224903e08c	88f2791fa5b504c481258bcf9657dbc5dc9a79bed74a93473d1ebbd969c28b29	cecc5c5d1b6193a4656f5fa8eb8bd0b199204788a9df14549794b7803dc8aee5
new02-ppmd-oracle-results-v1	PASS	4352d71ee8f4479c17312750d3b08f7095f0fb57737fbf55ac8877b10e0864ba	708cda945a285526610371d812e4f54725eb6baf	29	world/xml/order=4/mem=256MiB	world	xml	silesia/xml	false	5345280	0e82e54e695c1938e4193448022543845b33020c8be6bf3bf3ead2224903e08c	4	256	0-15	606520	422abcf1907addbd3843455f84e27d0aba7fb77372a8ec9300b6e99e7b1f9f00	PPMD:o4:mem27	"[""xml""]"	0	0	0.12	10752	0	0.17	9472	0	true	true	true	5345280	0e82e54e695c1938e4193448022543845b33020c8be6bf3bf3ead2224903e08c	47dd114d0f605002d63967db5696e8a3a0875aab9d40ecbde07138fcf9d35d07	a4f6e5ac5ebdf306d07d456d9f9597718ee48747d66d2a22fdd88186218d1c6a
new02-ppmd-oracle-results-v1	PASS	4352d71ee8f4479c17312750d3b08f7095f0fb57737fbf55ac8877b10e0864ba	708cda945a285526610371d812e4f54725eb6baf	30	world/xml/order=6/mem=16MiB	world	xml	silesia/xml	false	5345280	0e82e54e695c1938e4193448022543845b33020c8be6bf3bf3ead2224903e08c	6	16	0-15	496463	8fa60c07f8a94828ec6fda880a99ad746da2447aee369bef95357fa1b93f506f	PPMD:o6:mem24	"[""xml""]"	0	0	0.15	16384	0	0.18	15232	0	true	true	true	5345280	0e82e54e695c1938e4193448022543845b33020c8be6bf3bf3ead2224903e08c	a89d6aafd6db9c3d474fb115abdc918eb47e013e132b3e066bdddb9d4f2fa1d0	8f8295f83b0a171a5933afc5d0688d84e515711e03ccf2dd88a20fac131606e5
new02-ppmd-oracle-results-v1	PASS	4352d71ee8f4479c17312750d3b08f7095f0fb57737fbf55ac8877b10e0864ba	708cda945a285526610371d812e4f54725eb6baf	31	world/xml/order=6/mem=64MiB	world	xml	silesia/xml	false	5345280	0e82e54e695c1938e4193448022543845b33020c8be6bf3bf3ead2224903e08c	6	64	0-15	496463	8f657c6d9bf076980d1b3384e432d8fe66010323bd50e5d35b34b101f6332c98	PPMD:o6:mem26	"[""xml""]"	0	0	0.15	16384	0	0.18	15232	0	true	true	true	5345280	0e82e54e695c1938e4193448022543845b33020c8be6bf3bf3ead2224903e08c	bde797501fdb8a82e9024b386523c7fe978006d6496d39973435ba7f52b9b1ae	d01bd4a51f5a5423c608c7e609f2ce72ced780dec271034556d23f85a90f315b
new02-ppmd-oracle-results-v1	PASS	4352d71ee8f4479c17312750d3b08f7095f0fb57737fbf55ac8877b10e0864ba	708cda945a285526610371d812e4f54725eb6baf	32	world/xml/order=6/mem=256MiB	world	xml	silesia/xml	false	5345280	0e82e54e695c1938e4193448022543845b33020c8be6bf3bf3ead2224903e08c	6	256	0-15	496463	0d508d9cff2df4d0ddf65cc45af8ba57931977eb5393030bcb2a70a11ff9b92f	PPMD:o6:mem27	"[""xml""]"	0	0	0.15	16384	0	0.2	15232	0	true	true	true	5345280	0e82e54e695c1938e4193448022543845b33020c8be6bf3bf3ead2224903e08c	b5ad42b8c7cd32053b3647d5ca7525302b446ecf4a3e0967e0c3a48e9e2c87ae	12441e63d7892ee4cb8b3c78eb6f118d3465811a2d88816e8997e99b26aca3e2
new02-ppmd-oracle-results-v1	PASS	4352d71ee8f4479c17312750d3b08f7095f0fb57737fbf55ac8877b10e0864ba	708cda945a285526610371d812e4f54725eb6baf	33	world/xml/order=8/mem=16MiB	world	xml	silesia/xml	false	5345280	0e82e54e695c1938e4193448022543845b33020c8be6bf3bf3ead2224903e08c	8	16	0-15	436482	525c0b1d672c77be1befd7ff80e96cf5fe366883d3a6fe19bb95663e812d8c86	PPMD:o8:mem24	"[""xml""]"	0	0	0.17	23680	0	0.21	22528	0	true	true	true	5345280	0e82e54e695c1938e4193448022543845b33020c8be6bf3bf3ead2224903e08c	5b2616ee55550e91a6dc28d1eb9ca56f1e2d1a91bbf5de8637819c500147a098	1aed7a465568f1aeb67bae9381231919cc6965e3f94339fd89060225932e76be
new02-ppmd-oracle-results-v1	PASS	4352d71ee8f4479c17312750d3b08f7095f0fb57737fbf55ac8877b10e0864ba	708cda945a285526610371d812e4f54725eb6baf	34	world/xml/order=8/mem=64MiB	world	xml	silesia/xml	false	5345280	0e82e54e695c1938e4193448022543845b33020c8be6bf3bf3ead2224903e08c	8	64	0-15	436482	239241892d024da10b8f56dceb70dba2569a46939dcea5017122a4417e3b16e2	PPMD:o8:mem26	"[""xml""]"	0	0	0.18	23680	0	0.21	22400	0	true	true	true	5345280	0e82e54e695c1938e4193448022543845b33020c8be6bf3bf3ead2224903e08c	496fb5294c4d9948aac19d10c591061ea94f8b11c9f3ac06c6f7e3d6be874435	65e02ef6e613f2483fe357f5ab1e200fca0728e50740d20f0f96fc9a63dc4b56
new02-ppmd-oracle-results-v1	PASS	4352d71ee8f4479c17312750d3b08f7095f0fb57737fbf55ac8877b10e0864ba	708cda945a285526610371d812e4f54725eb6baf	35	world/xml/order=8/mem=256MiB	world	xml	silesia/xml	false	5345280	0e82e54e695c1938e4193448022543845b33020c8be6bf3bf3ead2224903e08c	8	256	0-15	436482	5aeafa064cdd3e7a87ea71af6b14ed4622adfcfb71334f7946c90b29327bbc26	PPMD:o8:mem27	"[""xml""]"	0	0	0.17	23680	0	0.21	22528	0	true	true	true	5345280	0e82e54e695c1938e4193448022543845b33020c8be6bf3bf3ead2224903e08c	0b508f856f57b7fb72cddae632177a7856f6c3494b22530e4245bb89d6fc4c58	4c1542a29312ef514c0d72d57fe7aed2afaa9578a9794fa0ea0dbc2ad06aa967
new02-ppmd-oracle-results-v1	PASS	4352d71ee8f4479c17312750d3b08f7095f0fb57737fbf55ac8877b10e0864ba	708cda945a285526610371d812e4f54725eb6baf	36	world/enwik8/order=4/mem=16MiB	world	enwik8	enwik8/enwik8	false	100000000	2b49720ec4d78c3c9fabaee6e4179a5e997302b3a70029f30f2d582218c024a8	4	16	0-15	26060068	e144edd43d226e4bb1248ab31288dc1fbb836c5358b14d2e00da1dd4400a1ffa	PPMD:o4:mem24	"[""enwik8""]"	0	0	5.86	24192	0	6.51	23296	0	true	true	true	100000000	2b49720ec4d78c3c9fabaee6e4179a5e997302b3a70029f30f2d582218c024a8	5c0a29019bf42831390d1ff385fd9c3c54349c6f79ecf5af8ffaf77db47fad0c	fe95148a4fda4d78f3e5312e6e4b5fd3aaea93f18482ed3a4421de10b109013a
new02-ppmd-oracle-results-v1	PASS	4352d71ee8f4479c17312750d3b08f7095f0fb57737fbf55ac8877b10e0864ba	708cda945a285526610371d812e4f54725eb6baf	37	world/enwik8/order=4/mem=64MiB	world	enwik8	enwik8/enwik8	false	100000000	2b49720ec4d78c3c9fabaee6e4179a5e997302b3a70029f30f2d582218c024a8	4	64	0-15	25726214	09de122fc56f2acf2d1ef329ccb2ceb4232244b6dc45bfb8042ddd59c4a5bfa8	PPMD:o4:mem26	"[""enwik8""]"	0	0	8.27	45184	0	6.83	43776	0	true	true	true	100000000	2b49720ec4d78c3c9fabaee6e4179a5e997302b3a70029f30f2d582218c024a8	10ea61d68523d3daa01ebb192626dcd8944cc26bd00e3f05137655c1f4bcbd67	242581dc25c51f988d73f2ce62c2fc0d946e4abc5fb7252a043d2a02c0bd5523
new02-ppmd-oracle-results-v1	PASS	4352d71ee8f4479c17312750d3b08f7095f0fb57737fbf55ac8877b10e0864ba	708cda945a285526610371d812e4f54725eb6baf	38	world/enwik8/order=4/mem=256MiB	world	enwik8	enwik8/enwik8	false	100000000	2b49720ec4d78c3c9fabaee6e4179a5e997302b3a70029f30f2d582218c024a8	4	256	0-15	25726214	a6126698b64f7687284fbc34077bd23a59a84bbc964a89bcbdfe43003072582a	PPMD:o4:mem28	"[""enwik8""]"	0	0	5.77	44928	0	5.73	44032	0	true	true	true	100000000	2b49720ec4d78c3c9fabaee6e4179a5e997302b3a70029f30f2d582218c024a8	25016a26827c226bae2bb03e9e018515b0a96ae5df6e5062b44c8b42b00fd733	c6cd5b5f43e2438e25273692b7746e9318be289b23922fe126658fab5cf1357b
new02-ppmd-oracle-results-v1	PASS	4352d71ee8f4479c17312750d3b08f7095f0fb57737fbf55ac8877b10e0864ba	708cda945a285526610371d812e4f54725eb6baf	39	world/enwik8/order=6/mem=16MiB	world	enwik8	enwik8/enwik8	false	100000000	2b49720ec4d78c3c9fabaee6e4179a5e997302b3a70029f30f2d582218c024a8	6	16	0-15	24849810	7def745db97e3859df3ad9f6851cc38ac0c08e4f83bbe15c678e2ba63062fcc7	PPMD:o6:mem24	"[""enwik8""]"	0	0	11.35	24320	0	10.53	23168	0	true	true	true	100000000	2b49720ec4d78c3c9fabaee6e4179a5e997302b3a70029f30f2d582218c024a8	0d9b615b64f4e000dd84ba208a805608aef263ac931e732a019ce4d128e00a74	b980a1c5f332fa26b041d11162d9baf5f44924714b7cdb348999b5bc9b7e1aa1
new02-ppmd-oracle-results-v1	PASS	4352d71ee8f4479c17312750d3b08f7095f0fb57737fbf55ac8877b10e0864ba	708cda945a285526610371d812e4f54725eb6baf	40	world/enwik8/order=6/mem=64MiB	world	enwik8	enwik8/enwik8	false	100000000	2b49720ec4d78c3c9fabaee6e4179a5e997302b3a70029f30f2d582218c024a8	6	64	0-15	23301162	bbc2c2ebec48041262dfda0ffa2a1940c8c157c7fa31099cb2dadda8662ce5f7	PPMD:o6:mem26	"[""enwik8""]"	0	0	12.17	73344	0	11.32	72192	0	true	true	true	100000000	2b49720ec4d78c3c9fabaee6e4179a5e997302b3a70029f30f2d582218c024a8	0113ef52ad6ceedd006e88afb74fe9d25d50ceb8d2e91dfff0706cd60169257d	46c971643a84b0ca660172ac723b1433f8998659f333e8fa5e211d2e37376014
new02-ppmd-oracle-results-v1	PASS	4352d71ee8f4479c17312750d3b08f7095f0fb57737fbf55ac8877b10e0864ba	708cda945a285526610371d812e4f54725eb6baf	41	world/enwik8/order=6/mem=256MiB	world	enwik8	enwik8/enwik8	false	100000000	2b49720ec4d78c3c9fabaee6e4179a5e997302b3a70029f30f2d582218c024a8	6	256	0-15	22403589	35cf5837d51b64c2d830dcfc8843e1a6a89c834c61bbf308f35cac76829ceb82	PPMD:o6:mem28	"[""enwik8""]"	0	0	11.83	186880	0	14.05	185600	0	true	true	true	100000000	2b49720ec4d78c3c9fabaee6e4179a5e997302b3a70029f30f2d582218c024a8	08e8e42f5c65fa5ec32eaab756dfb4563db11e4d4714fec36318838d84dc245d	3d369cb1396deec687b88e6cb15ee49af4f3ae0c685c459671a7b60422de53c8
new02-ppmd-oracle-results-v1	PASS	4352d71ee8f4479c17312750d3b08f7095f0fb57737fbf55ac8877b10e0864ba	708cda945a285526610371d812e4f54725eb6baf	42	world/enwik8/order=8/mem=16MiB	world	enwik8	enwik8/enwik8	false	100000000	2b49720ec4d78c3c9fabaee6e4179a5e997302b3a70029f30f2d582218c024a8	8	16	0-15	25388742	790ad55021732453fec73bd1dc592cce39fd97864e8bbeef113c0e7ca5742ae0	PPMD:o8:mem24	"[""enwik8""]"	0	0	13.71	24320	0	15.44	23168	0	true	true	true	100000000	2b49720ec4d78c3c9fabaee6e4179a5e997302b3a70029f30f2d582218c024a8	affb3d3d342900b5f9ca7ec93ea15f092ccd7cd657c97834a49fe85136d9f88b	0667d8c3b081fa8769b9d3e907858e46d9234159c86c14b652107ffddcbe37de
new02-ppmd-oracle-results-v1	PASS	4352d71ee8f4479c17312750d3b08f7095f0fb57737fbf55ac8877b10e0864ba	708cda945a285526610371d812e4f54725eb6baf	43	world/enwik8/order=8/mem=64MiB	world	enwik8	enwik8/enwik8	false	100000000	2b49720ec4d78c3c9fabaee6e4179a5e997302b3a70029f30f2d582218c024a8	8	64	0-15	23576806	4f5515d3ceddb9855f0c4099b8505e3e5cd085b9885bc2333a5929828d45dbd5	PPMD:o8:mem26	"[""enwik8""]"	0	0	13.98	73344	0	17.51	72320	0	true	true	true	100000000	2b49720ec4d78c3c9fabaee6e4179a5e997302b3a70029f30f2d582218c024a8	cd698c0b2689e5f021a9f5f85d48356f55a94f5c0460f2c5fe3a2282888c783c	3a36bf06217b10b7b3c1685e40655856dd19947d4d0b44f8ffd77e22fc71fd3e
new02-ppmd-oracle-results-v1	PASS	4352d71ee8f4479c17312750d3b08f7095f0fb57737fbf55ac8877b10e0864ba	708cda945a285526610371d812e4f54725eb6baf	44	world/enwik8/order=8/mem=256MiB	world	enwik8	enwik8/enwik8	false	100000000	2b49720ec4d78c3c9fabaee6e4179a5e997302b3a70029f30f2d582218c024a8	8	256	0-15	22074472	ac9cd5f81370a30516ef787a19c2d9116e755499c12866bb94c8fea614810557	PPMD:o8:mem28	"[""enwik8""]"	0	0	22.47	269952	0	18.32	268800	0	true	true	true	100000000	2b49720ec4d78c3c9fabaee6e4179a5e997302b3a70029f30f2d582218c024a8	d2205aacb6d75e38b9c83d616474baec0e640987a10b1f3b6dc838ce7dbba491	83167be95b3f2dc8d6ad05ee288620d05f3ca4c67927eaefe54b227165714ede
new02-ppmd-oracle-results-v1	PASS	4352d71ee8f4479c17312750d3b08f7095f0fb57737fbf55ac8877b10e0864ba	708cda945a285526610371d812e4f54725eb6baf	45	world/alice29.txt/order=4/mem=16MiB	world	alice29.txt	canterbury/alice29.txt	true	152089	7467306ee0feed4971260f3c87421154a05be571d944e9cb021a5713700c38f0	4	16	0-15	40053	5cb80b7294b278de22e94edadaae4479af1504e0231e759b65057058797aecd3	PPMD:o4:mem22	"[""alice29.txt""]"	0	0	0.01	6656	0	0.01	6400	0	true	true	true	152089	7467306ee0feed4971260f3c87421154a05be571d944e9cb021a5713700c38f0	3c1eb5929a4baebcaca7a9ea872e498628e6dc789a8eb9e32cc50da4d52a9bde	1633767aff548e43d0275f62b798fe4a1a8e9b8dcc63840a6f2f64854da1f683
new02-ppmd-oracle-results-v1	PASS	4352d71ee8f4479c17312750d3b08f7095f0fb57737fbf55ac8877b10e0864ba	708cda945a285526610371d812e4f54725eb6baf	46	world/alice29.txt/order=4/mem=64MiB	world	alice29.txt	canterbury/alice29.txt	true	152089	7467306ee0feed4971260f3c87421154a05be571d944e9cb021a5713700c38f0	4	64	0-15	40053	5cb80b7294b278de22e94edadaae4479af1504e0231e759b65057058797aecd3	PPMD:o4:mem22	"[""alice29.txt""]"	0	0	0.01	6656	0	0.01	6400	0	true	true	true	152089	7467306ee0feed4971260f3c87421154a05be571d944e9cb021a5713700c38f0	201193b830e42ea2ab8bc98f640aa2ec24b2f6c52912f1055410344f6bd3f9a5	92458f3375bd5b127912e15ce1dcd89ef6676d6f51ce9bdc5d2b90cfe312ccf2
new02-ppmd-oracle-results-v1	PASS	4352d71ee8f4479c17312750d3b08f7095f0fb57737fbf55ac8877b10e0864ba	708cda945a285526610371d812e4f54725eb6baf	47	world/alice29.txt/order=4/mem=256MiB	world	alice29.txt	canterbury/alice29.txt	true	152089	7467306ee0feed4971260f3c87421154a05be571d944e9cb021a5713700c38f0	4	256	0-15	40053	5cb80b7294b278de22e94edadaae4479af1504e0231e759b65057058797aecd3	PPMD:o4:mem22	"[""alice29.txt""]"	0	0	0.01	6656	0	0.01	6400	0	true	true	true	152089	7467306ee0feed4971260f3c87421154a05be571d944e9cb021a5713700c38f0	cd879c12bca21a53d98039670e8ec28fa90534d587198d3775a0c26de769b709	9845b13cbcea732808ac0e0a8a168a62f430e28824b0ff9cc1e73aa3de61bbf7
new02-ppmd-oracle-results-v1	PASS	4352d71ee8f4479c17312750d3b08f7095f0fb57737fbf55ac8877b10e0864ba	708cda945a285526610371d812e4f54725eb6baf	48	world/alice29.txt/order=6/mem=16MiB	world	alice29.txt	canterbury/alice29.txt	true	152089	7467306ee0feed4971260f3c87421154a05be571d944e9cb021a5713700c38f0	6	16	0-15	38986	474d119a052c89e94a86f718f11ba09ba0760c70899692a1d024215b5bdcb6f3	PPMD:o6:mem22	"[""alice29.txt""]"	0	0	0.01	7552	0	0.01	7296	0	true	true	true	152089	7467306ee0feed4971260f3c87421154a05be571d944e9cb021a5713700c38f0	0c19c29c8bfb59d701bc374fd9dec22b7cba5bf2b1f0edd32e85de32af13681d	3e3919a419045469185bc23ed329463c7b6652703abd492bdb3e7cbc72b1fe6f
new02-ppmd-oracle-results-v1	PASS	4352d71ee8f4479c17312750d3b08f7095f0fb57737fbf55ac8877b10e0864ba	708cda945a285526610371d812e4f54725eb6baf	49	world/alice29.txt/order=6/mem=64MiB	world	alice29.txt	canterbury/alice29.txt	true	152089	7467306ee0feed4971260f3c87421154a05be571d944e9cb021a5713700c38f0	6	64	0-15	38986	474d119a052c89e94a86f718f11ba09ba0760c70899692a1d024215b5bdcb6f3	PPMD:o6:mem22	"[""alice29.txt""]"	0	0	0.01	7552	0	0.01	7296	0	true	true	true	152089	7467306ee0feed4971260f3c87421154a05be571d944e9cb021a5713700c38f0	65264b97242c53e4f173c1664b0b418564a805716f646b6c87450570f515898a	6afe7915faa12afdd75aece8a7c20f6bd22c3a21b47fc7003bfc5f19701778f3
new02-ppmd-oracle-results-v1	PASS	4352d71ee8f4479c17312750d3b08f7095f0fb57737fbf55ac8877b10e0864ba	708cda945a285526610371d812e4f54725eb6baf	50	world/alice29.txt/order=6/mem=256MiB	world	alice29.txt	canterbury/alice29.txt	true	152089	7467306ee0feed4971260f3c87421154a05be571d944e9cb021a5713700c38f0	6	256	0-15	38986	474d119a052c89e94a86f718f11ba09ba0760c70899692a1d024215b5bdcb6f3	PPMD:o6:mem22	"[""alice29.txt""]"	0	0	0.01	7552	0	0.01	7296	0	true	true	true	152089	7467306ee0feed4971260f3c87421154a05be571d944e9cb021a5713700c38f0	6cc5148aae715c9eeb400ec745689970d7e44bb0322d4a7fd6627f65fa38ccde	1002c14d29c8844296d6be9a013a1b6e1cd43ca061b45269440e17de928740eb
new02-ppmd-oracle-results-v1	PASS	4352d71ee8f4479c17312750d3b08f7095f0fb57737fbf55ac8877b10e0864ba	708cda945a285526610371d812e4f54725eb6baf	51	world/alice29.txt/order=8/mem=16MiB	world	alice29.txt	canterbury/alice29.txt	true	152089	7467306ee0feed4971260f3c87421154a05be571d944e9cb021a5713700c38f0	8	16	0-15	38890	6c347e58d1d4eb2268914688d91f5607c6be2d67b30b5a7ee6ec6c94e2870130	PPMD:o8:mem22	"[""alice29.txt""]"	0	0	0.01	8320	0	0.01	8064	0	true	true	true	152089	7467306ee0feed4971260f3c87421154a05be571d944e9cb021a5713700c38f0	38936840aa5dce8a361b083687e00a22ccfa9df53f128ca1ad8e359df3fd9faa	b1e346b7f74db610d50c3862c65835237df04214ddf68195b65d24cdbd0d130f
new02-ppmd-oracle-results-v1	PASS	4352d71ee8f4479c17312750d3b08f7095f0fb57737fbf55ac8877b10e0864ba	708cda945a285526610371d812e4f54725eb6baf	52	world/alice29.txt/order=8/mem=64MiB	world	alice29.txt	canterbury/alice29.txt	true	152089	7467306ee0feed4971260f3c87421154a05be571d944e9cb021a5713700c38f0	8	64	0-15	38890	6c347e58d1d4eb2268914688d91f5607c6be2d67b30b5a7ee6ec6c94e2870130	PPMD:o8:mem22	"[""alice29.txt""]"	0	0	0.01	8320	0	0.01	8064	0	true	true	true	152089	7467306ee0feed4971260f3c87421154a05be571d944e9cb021a5713700c38f0	4db9bc455cabcc5d7e4229298d87811f30d603229b9860522a56e2f33a234e9c	21777ff819fbad552d8522e82248dc65855b15b1d6663489c62b62e80b04a391
new02-ppmd-oracle-results-v1	PASS	4352d71ee8f4479c17312750d3b08f7095f0fb57737fbf55ac8877b10e0864ba	708cda945a285526610371d812e4f54725eb6baf	53	world/alice29.txt/order=8/mem=256MiB	world	alice29.txt	canterbury/alice29.txt	true	152089	7467306ee0feed4971260f3c87421154a05be571d944e9cb021a5713700c38f0	8	256	0-15	38890	6c347e58d1d4eb2268914688d91f5607c6be2d67b30b5a7ee6ec6c94e2870130	PPMD:o8:mem22	"[""alice29.txt""]"	0	0	0.01	8320	0	0.01	8064	0	true	true	true	152089	7467306ee0feed4971260f3c87421154a05be571d944e9cb021a5713700c38f0	837289a4e5be3bd872e6a86ae2ba308b260f36bd29a87fd470e3d6e1446c331f	ad1f4110b6221eab1da133065eb89b4f00c6a95a969b73fa638f69590f702bd0
new02-ppmd-oracle-results-v1	PASS	4352d71ee8f4479c17312750d3b08f7095f0fb57737fbf55ac8877b10e0864ba	708cda945a285526610371d812e4f54725eb6baf	54	world/asyoulik.txt/order=4/mem=16MiB	world	asyoulik.txt	canterbury/asyoulik.txt	true	125179	eaa3526fe53859f34ecdf255712f9ecf0b2c903451d4755b2edaa2e2599cb0fc	4	16	0-15	36690	67d854d77d0400993fa219278e2a7c7756aa6dc36848519d8ad1c58991ddacb4	PPMD:o4:mem21	"[""asyoulik.txt""]"	0	0	0.01	6528	0	0.01	6400	0	true	true	true	125179	eaa3526fe53859f34ecdf255712f9ecf0b2c903451d4755b2edaa2e2599cb0fc	e4750c4f6bb088cba52a5c8ec4fad4977b63dfc02c8207d38072e5984eec21df	c4f669441f7397905e5a9e4c34e38466115ec08b45c7a8f7cc4dbbb742d419de
new02-ppmd-oracle-results-v1	PASS	4352d71ee8f4479c17312750d3b08f7095f0fb57737fbf55ac8877b10e0864ba	708cda945a285526610371d812e4f54725eb6baf	55	world/asyoulik.txt/order=4/mem=64MiB	world	asyoulik.txt	canterbury/asyoulik.txt	true	125179	eaa3526fe53859f34ecdf255712f9ecf0b2c903451d4755b2edaa2e2599cb0fc	4	64	0-15	36690	67d854d77d0400993fa219278e2a7c7756aa6dc36848519d8ad1c58991ddacb4	PPMD:o4:mem21	"[""asyoulik.txt""]"	0	0	0.0	6656	0	0.01	6400	0	true	true	true	125179	eaa3526fe53859f34ecdf255712f9ecf0b2c903451d4755b2edaa2e2599cb0fc	c2f4e0c106ad417bd6adb6432ccad86ed7f5a9134c080e579e389c40d14760d7	ce9c1dbf04c3b463e59a3693b4c9023fbc0da10f99a673503122902eae2899b5
new02-ppmd-oracle-results-v1	PASS	4352d71ee8f4479c17312750d3b08f7095f0fb57737fbf55ac8877b10e0864ba	708cda945a285526610371d812e4f54725eb6baf	56	world/asyoulik.txt/order=4/mem=256MiB	world	asyoulik.txt	canterbury/asyoulik.txt	true	125179	eaa3526fe53859f34ecdf255712f9ecf0b2c903451d4755b2edaa2e2599cb0fc	4	256	0-15	36690	67d854d77d0400993fa219278e2a7c7756aa6dc36848519d8ad1c58991ddacb4	PPMD:o4:mem21	"[""asyoulik.txt""]"	0	0	0.01	6656	0	0.01	6400	0	true	true	true	125179	eaa3526fe53859f34ecdf255712f9ecf0b2c903451d4755b2edaa2e2599cb0fc	f8fb177741f7aaca822f1dd35ebcd086549c926e393fd8a42485fca69c001b1e	66e1b837fd65cfeeb21b682757ee9163b66fdf9ae24222160346ed5590158980
new02-ppmd-oracle-results-v1	PASS	4352d71ee8f4479c17312750d3b08f7095f0fb57737fbf55ac8877b10e0864ba	708cda945a285526610371d812e4f54725eb6baf	57	world/asyoulik.txt/order=6/mem=16MiB	world	asyoulik.txt	canterbury/asyoulik.txt	true	125179	eaa3526fe53859f34ecdf255712f9ecf0b2c903451d4755b2edaa2e2599cb0fc	6	16	0-15	36344	62ce200e2cae89d0e8b59376ed300e5e372ec9ff5ab5088ed7f5b879795bb32d	PPMD:o6:mem21	"[""asyoulik.txt""]"	0	0	0.01	7424	0	0.01	7296	0	true	true	true	125179	eaa3526fe53859f34ecdf255712f9ecf0b2c903451d4755b2edaa2e2599cb0fc	69b2577399aac3ea26a441c52c2925c11b05abf5f269d5d743e277c888eb14da	b16b6958b3e8d3e480195cf3b812dc29def7b7737fbb296a6712f0f625b92f2e
new02-ppmd-oracle-results-v1	PASS	4352d71ee8f4479c17312750d3b08f7095f0fb57737fbf55ac8877b10e0864ba	708cda945a285526610371d812e4f54725eb6baf	58	world/asyoulik.txt/order=6/mem=64MiB	world	asyoulik.txt	canterbury/asyoulik.txt	true	125179	eaa3526fe53859f34ecdf255712f9ecf0b2c903451d4755b2edaa2e2599cb0fc	6	64	0-15	36344	62ce200e2cae89d0e8b59376ed300e5e372ec9ff5ab5088ed7f5b879795bb32d	PPMD:o6:mem21	"[""asyoulik.txt""]"	0	0	0.01	7424	0	0.01	7296	0	true	true	true	125179	eaa3526fe53859f34ecdf255712f9ecf0b2c903451d4755b2edaa2e2599cb0fc	05adc39671add61857768626dc4c5f3cf3089891d59a1abe7bab811d21764e9c	2238d603862027e092f4e332daac647540abe3285629d01023d991c307d497c2
new02-ppmd-oracle-results-v1	PASS	4352d71ee8f4479c17312750d3b08f7095f0fb57737fbf55ac8877b10e0864ba	708cda945a285526610371d812e4f54725eb6baf	59	world/asyoulik.txt/order=6/mem=256MiB	world	asyoulik.txt	canterbury/asyoulik.txt	true	125179	eaa3526fe53859f34ecdf255712f9ecf0b2c903451d4755b2edaa2e2599cb0fc	6	256	0-15	36344	62ce200e2cae89d0e8b59376ed300e5e372ec9ff5ab5088ed7f5b879795bb32d	PPMD:o6:mem21	"[""asyoulik.txt""]"	0	0	0.01	7424	0	0.01	7296	0	true	true	true	125179	eaa3526fe53859f34ecdf255712f9ecf0b2c903451d4755b2edaa2e2599cb0fc	3456e44c646d8a27d84090ff055f5e863b9290396434743541cb741daaf15816	91daa4368402349387381d88c9132f49597a669695f5466ac90afdf8601c46e3
new02-ppmd-oracle-results-v1	PASS	4352d71ee8f4479c17312750d3b08f7095f0fb57737fbf55ac8877b10e0864ba	708cda945a285526610371d812e4f54725eb6baf	60	world/asyoulik.txt/order=8/mem=16MiB	world	asyoulik.txt	canterbury/asyoulik.txt	true	125179	eaa3526fe53859f34ecdf255712f9ecf0b2c903451d4755b2edaa2e2599cb0fc	8	16	0-15	36340	69b450e370340c546f726b5ac7537a995351c682b1e45209014afbe398d0e032	PPMD:o8:mem21	"[""asyoulik.txt""]"	0	0	0.01	8064	0	0.01	7936	0	true	true	true	125179	eaa3526fe53859f34ecdf255712f9ecf0b2c903451d4755b2edaa2e2599cb0fc	b947308f5cb328e4581911e0e168bb67e330cc8082ea9e245f6fb1447c1a9c9e	16bca106d202cfbfd407be1b8fd0b16e262001d36398ea967e85edc0a336a786
new02-ppmd-oracle-results-v1	PASS	4352d71ee8f4479c17312750d3b08f7095f0fb57737fbf55ac8877b10e0864ba	708cda945a285526610371d812e4f54725eb6baf	61	world/asyoulik.txt/order=8/mem=64MiB	world	asyoulik.txt	canterbury/asyoulik.txt	true	125179	eaa3526fe53859f34ecdf255712f9ecf0b2c903451d4755b2edaa2e2599cb0fc	8	64	0-15	36340	69b450e370340c546f726b5ac7537a995351c682b1e45209014afbe398d0e032	PPMD:o8:mem21	"[""asyoulik.txt""]"	0	0	0.01	8064	0	0.01	7936	0	true	true	true	125179	eaa3526fe53859f34ecdf255712f9ecf0b2c903451d4755b2edaa2e2599cb0fc	2c8c2e12e8a6dbb88ae49769daf7c5012fdb1e3886009a5c7d7183e56da421ea	5d0c424d9f01cb2facc358311825549b48d1f60157c95e8b39ef3290b24859fd
new02-ppmd-oracle-results-v1	PASS	4352d71ee8f4479c17312750d3b08f7095f0fb57737fbf55ac8877b10e0864ba	708cda945a285526610371d812e4f54725eb6baf	62	world/asyoulik.txt/order=8/mem=256MiB	world	asyoulik.txt	canterbury/asyoulik.txt	true	125179	eaa3526fe53859f34ecdf255712f9ecf0b2c903451d4755b2edaa2e2599cb0fc	8	256	0-15	36340	69b450e370340c546f726b5ac7537a995351c682b1e45209014afbe398d0e032	PPMD:o8:mem21	"[""asyoulik.txt""]"	0	0	0.01	8064	0	0.01	7936	0	true	true	true	125179	eaa3526fe53859f34ecdf255712f9ecf0b2c903451d4755b2edaa2e2599cb0fc	74f4c7185b492c478afa215f63a2e0af5dc5c21fbf6c16d4582b292a2ddcc0dd	e79f6c53926d58fe5b92ad3067d2fd2b6c578eb3dd6a202767de9c517c83ea55
new02-ppmd-oracle-results-v1	PASS	4352d71ee8f4479c17312750d3b08f7095f0fb57737fbf55ac8877b10e0864ba	708cda945a285526610371d812e4f54725eb6baf	63	world/cp.html/order=4/mem=16MiB	world	cp.html	canterbury/cp.html	true	24603	e0cd21cef5b6c4069461e949be100080c3ce887de6f1dd8626c480528efaaf61	4	16	0-15	6816	05663bb3bdef8b17e8b7064dc29948a4c3df88516f6a9da1be9a97d8957f51cd	PPMD:o4:mem19	"[""cp.html""]"	0	0	0.0	6144	0	0.0	6016	0	true	true	true	24603	e0cd21cef5b6c4069461e949be100080c3ce887de6f1dd8626c480528efaaf61	305ccaa1e9b7c562f8accdb40b25bf2021ce191e75ebd78f4817733dd1583bc3	c5dcc5bff9ee217ea016df1b6f20204350b9579fcfa44504a3b9361a5c0da2c7
new02-ppmd-oracle-results-v1	PASS	4352d71ee8f4479c17312750d3b08f7095f0fb57737fbf55ac8877b10e0864ba	708cda945a285526610371d812e4f54725eb6baf	64	world/cp.html/order=4/mem=64MiB	world	cp.html	canterbury/cp.html	true	24603	e0cd21cef5b6c4069461e949be100080c3ce887de6f1dd8626c480528efaaf61	4	64	0-15	6816	05663bb3bdef8b17e8b7064dc29948a4c3df88516f6a9da1be9a97d8957f51cd	PPMD:o4:mem19	"[""cp.html""]"	0	0	0.0	6144	0	0.0	6016	0	true	true	true	24603	e0cd21cef5b6c4069461e949be100080c3ce887de6f1dd8626c480528efaaf61	c3172dcc0a164b8c5b84bcd10de05613c55b9ded7586dd9f49ed4814e5b35bed	a373afabf8e262b8ea92cd635811d68bb0233b63b7206d47ef310d951197a1b1
new02-ppmd-oracle-results-v1	PASS	4352d71ee8f4479c17312750d3b08f7095f0fb57737fbf55ac8877b10e0864ba	708cda945a285526610371d812e4f54725eb6baf	65	world/cp.html/order=4/mem=256MiB	world	cp.html	canterbury/cp.html	true	24603	e0cd21cef5b6c4069461e949be100080c3ce887de6f1dd8626c480528efaaf61	4	256	0-15	6816	05663bb3bdef8b17e8b7064dc29948a4c3df88516f6a9da1be9a97d8957f51cd	PPMD:o4:mem19	"[""cp.html""]"	0	0	0.0	6144	0	0.0	5888	0	true	true	true	24603	e0cd21cef5b6c4069461e949be100080c3ce887de6f1dd8626c480528efaaf61	12357187ee006930b13781ec258592cc54c3774323db903c9a5ceb48df574dd6	2a174235cd899408c11e4ea3e4ed0b793d49abcdb6c3285055ceaaac9cbb6af7
new02-ppmd-oracle-results-v1	PASS	4352d71ee8f4479c17312750d3b08f7095f0fb57737fbf55ac8877b10e0864ba	708cda945a285526610371d812e4f54725eb6baf	66	world/cp.html/order=6/mem=16MiB	world	cp.html	canterbury/cp.html	true	24603	e0cd21cef5b6c4069461e949be100080c3ce887de6f1dd8626c480528efaaf61	6	16	0-15	6692	8df7e5121b4ad46d108897f7fc58a083a16b1c07177701af13699e76de39e4d2	PPMD:o6:mem19	"[""cp.html""]"	0	0	0.0	6144	0	0.0	6016	0	true	true	true	24603	e0cd21cef5b6c4069461e949be100080c3ce887de6f1dd8626c480528efaaf61	29bbd33d9cb53350ff20ae9c02a0d8bca5e0d7f25b4e4693d341f74aac12324d	2b10beac4f64ffe957b31e88b24fda63e7eb315a889c7e74050f0fb635ee4cc6
new02-ppmd-oracle-results-v1	PASS	4352d71ee8f4479c17312750d3b08f7095f0fb57737fbf55ac8877b10e0864ba	708cda945a285526610371d812e4f54725eb6baf	67	world/cp.html/order=6/mem=64MiB	world	cp.html	canterbury/cp.html	true	24603	e0cd21cef5b6c4069461e949be100080c3ce887de6f1dd8626c480528efaaf61	6	64	0-15	6692	8df7e5121b4ad46d108897f7fc58a083a16b1c07177701af13699e76de39e4d2	PPMD:o6:mem19	"[""cp.html""]"	0	0	0.0	6144	0	0.0	6016	0	true	true	true	24603	e0cd21cef5b6c4069461e949be100080c3ce887de6f1dd8626c480528efaaf61	790a4607053bcb9165eafd45f6688081165e7bac738da1a790b16f044faaa200	e273d1c12be9a9eb70ca17d584667eb1e3622cf58b528101a9b20e915928bb49
new02-ppmd-oracle-results-v1	PASS	4352d71ee8f4479c17312750d3b08f7095f0fb57737fbf55ac8877b10e0864ba	708cda945a285526610371d812e4f54725eb6baf	68	world/cp.html/order=6/mem=256MiB	world	cp.html	canterbury/cp.html	true	24603	e0cd21cef5b6c4069461e949be100080c3ce887de6f1dd8626c480528efaaf61	6	256	0-15	6692	8df7e5121b4ad46d108897f7fc58a083a16b1c07177701af13699e76de39e4d2	PPMD:o6:mem19	"[""cp.html""]"	0	0	0.0	6144	0	0.0	6016	0	true	true	true	24603	e0cd21cef5b6c4069461e949be100080c3ce887de6f1dd8626c480528efaaf61	f9345733fa099f0b30e3b9e473689f76908ad6697db1db72a242253c1f284f09	769337cb7e09c91e3486fbd2d400f6a4f410083f40ddd267f603b5e3eae7df47
new02-ppmd-oracle-results-v1	PASS	4352d71ee8f4479c17312750d3b08f7095f0fb57737fbf55ac8877b10e0864ba	708cda945a285526610371d812e4f54725eb6baf	69	world/cp.html/order=8/mem=16MiB	world	cp.html	canterbury/cp.html	true	24603	e0cd21cef5b6c4069461e949be100080c3ce887de6f1dd8626c480528efaaf61	8	16	0-15	6688	110674d82da66829bf470abc69557699dc18be7d68c8d5302a37cfdd3fbf208b	PPMD:o8:mem19	"[""cp.html""]"	0	0	0.0	6272	0	0.0	6144	0	true	true	true	24603	e0cd21cef5b6c4069461e949be100080c3ce887de6f1dd8626c480528efaaf61	1da866b26db0512934dc35fb3cf201e6ccebc4aeac71c83bbcdcec71d74a224a	7b464abce093ab5007bc25b09f51f5eb82a9f71d40b9e59263e84ba2e2f52c5c
new02-ppmd-oracle-results-v1	PASS	4352d71ee8f4479c17312750d3b08f7095f0fb57737fbf55ac8877b10e0864ba	708cda945a285526610371d812e4f54725eb6baf	70	world/cp.html/order=8/mem=64MiB	world	cp.html	canterbury/cp.html	true	24603	e0cd21cef5b6c4069461e949be100080c3ce887de6f1dd8626c480528efaaf61	8	64	0-15	6688	110674d82da66829bf470abc69557699dc18be7d68c8d5302a37cfdd3fbf208b	PPMD:o8:mem19	"[""cp.html""]"	0	0	0.0	6272	0	0.0	6144	0	true	true	true	24603	e0cd21cef5b6c4069461e949be100080c3ce887de6f1dd8626c480528efaaf61	5ab6d4ffe29c5d8ef466c476c95c475aafb0a8a2ac0533a2046a0c1a18f87fda	d4101940b1bacba89bb0528555c1b57dda52841dd48ed58e82bce7c29b1323ee
new02-ppmd-oracle-results-v1	PASS	4352d71ee8f4479c17312750d3b08f7095f0fb57737fbf55ac8877b10e0864ba	708cda945a285526610371d812e4f54725eb6baf	71	world/cp.html/order=8/mem=256MiB	world	cp.html	canterbury/cp.html	true	24603	e0cd21cef5b6c4069461e949be100080c3ce887de6f1dd8626c480528efaaf61	8	256	0-15	6688	110674d82da66829bf470abc69557699dc18be7d68c8d5302a37cfdd3fbf208b	PPMD:o8:mem19	"[""cp.html""]"	0	0	0.0	6272	0	0.0	6144	0	true	true	true	24603	e0cd21cef5b6c4069461e949be100080c3ce887de6f1dd8626c480528efaaf61	9623fcce11464a372649f00f020b1e85073c6601e2b8a3f4b17bbf016cc10d90	d0f0624c395e4e348b07a072fded91f9de3c90670bd5ab6c78cf53ff22d90450
new02-ppmd-oracle-results-v1	PASS	4352d71ee8f4479c17312750d3b08f7095f0fb57737fbf55ac8877b10e0864ba	708cda945a285526610371d812e4f54725eb6baf	72	world/lcet10.txt/order=4/mem=16MiB	world	lcet10.txt	canterbury/lcet10.txt	true	426754	5314ba1dbb03f471df88bec6cd120a938ef60d0fd3511c5c1dce61bf7463245f	4	16	0-15	101312	1166d8414476e65e8474c2bd2b854bfc6015a8dbb8207e5dbdfb2e0a1261954a	PPMD:o4:mem23	"[""lcet10.txt""]"	0	0	0.02	7424	0	0.02	6784	0	true	true	true	426754	5314ba1dbb03f471df88bec6cd120a938ef60d0fd3511c5c1dce61bf7463245f	e4a9057a3c367ffbfd3dc622931a8ac5b05ca55f1f17bcf27cf2df3efa741f21	9ceb59610382907f3be4f7a8de1354766f6425307d513990cf360a0fd3235e57
new02-ppmd-oracle-results-v1	PASS	4352d71ee8f4479c17312750d3b08f7095f0fb57737fbf55ac8877b10e0864ba	708cda945a285526610371d812e4f54725eb6baf	73	world/lcet10.txt/order=4/mem=64MiB	world	lcet10.txt	canterbury/lcet10.txt	true	426754	5314ba1dbb03f471df88bec6cd120a938ef60d0fd3511c5c1dce61bf7463245f	4	64	0-15	101312	1166d8414476e65e8474c2bd2b854bfc6015a8dbb8207e5dbdfb2e0a1261954a	PPMD:o4:mem23	"[""lcet10.txt""]"	0	0	0.02	7168	0	0.02	6912	0	true	true	true	426754	5314ba1dbb03f471df88bec6cd120a938ef60d0fd3511c5c1dce61bf7463245f	defaa71495ebaceaa66d75ff243819eacc075cb4a9f4d04016f11a0ffd040a59	5cd6c3bb6461796766e1af4bf83fbf248efc1ffb60fbbd4710abf4805e5bce67
new02-ppmd-oracle-results-v1	PASS	4352d71ee8f4479c17312750d3b08f7095f0fb57737fbf55ac8877b10e0864ba	708cda945a285526610371d812e4f54725eb6baf	74	world/lcet10.txt/order=4/mem=256MiB	world	lcet10.txt	canterbury/lcet10.txt	true	426754	5314ba1dbb03f471df88bec6cd120a938ef60d0fd3511c5c1dce61bf7463245f	4	256	0-15	101312	1166d8414476e65e8474c2bd2b854bfc6015a8dbb8207e5dbdfb2e0a1261954a	PPMD:o4:mem23	"[""lcet10.txt""]"	0	0	0.02	7296	0	0.02	6912	0	true	true	true	426754	5314ba1dbb03f471df88bec6cd120a938ef60d0fd3511c5c1dce61bf7463245f	c04d4f96c66b563949570de75aaf35f2ccb8a5a22c7fa9d7be132d91ac40566d	6c4c9a43fa3a89fb62119af693928507dd54a0b3cc27c74ad3c6615f81a08bc2
new02-ppmd-oracle-results-v1	PASS	4352d71ee8f4479c17312750d3b08f7095f0fb57737fbf55ac8877b10e0864ba	708cda945a285526610371d812e4f54725eb6baf	75	world/lcet10.txt/order=6/mem=16MiB	world	lcet10.txt	canterbury/lcet10.txt	true	426754	5314ba1dbb03f471df88bec6cd120a938ef60d0fd3511c5c1dce61bf7463245f	6	16	0-15	96553	2b1ef9c2726769f4a5248f2335e6a958b2de3e7bbe2d68f0fb48a5bf1edeb75f	PPMD:o6:mem23	"[""lcet10.txt""]"	0	0	0.02	9344	0	0.03	8832	0	true	true	true	426754	5314ba1dbb03f471df88bec6cd120a938ef60d0fd3511c5c1dce61bf7463245f	ef2549350f73dd7a9d2bf45d5563c0f6d97d5ac1e4b5d7280f7d50e3ce5549f9	58a7b85c583e3bc3535677bc7bd195ac3dbf973a98bf40686f32d9ce48ac7f5b
new02-ppmd-oracle-results-v1	PASS	4352d71ee8f4479c17312750d3b08f7095f0fb57737fbf55ac8877b10e0864ba	708cda945a285526610371d812e4f54725eb6baf	76	world/lcet10.txt/order=6/mem=64MiB	world	lcet10.txt	canterbury/lcet10.txt	true	426754	5314ba1dbb03f471df88bec6cd120a938ef60d0fd3511c5c1dce61bf7463245f	6	64	0-15	96553	2b1ef9c2726769f4a5248f2335e6a958b2de3e7bbe2d68f0fb48a5bf1edeb75f	PPMD:o6:mem23	"[""lcet10.txt""]"	0	0	0.03	9344	0	0.03	8832	0	true	true	true	426754	5314ba1dbb03f471df88bec6cd120a938ef60d0fd3511c5c1dce61bf7463245f	4a44600e33fe192608e71ede991b34a6392fc31b74eb48c3cd87668c7601e308	aec468f5ecf4db60cfa24a230e308fa2bdaa05721c7a5480aa1a8618f1c29712
new02-ppmd-oracle-results-v1	PASS	4352d71ee8f4479c17312750d3b08f7095f0fb57737fbf55ac8877b10e0864ba	708cda945a285526610371d812e4f54725eb6baf	77	world/lcet10.txt/order=6/mem=256MiB	world	lcet10.txt	canterbury/lcet10.txt	true	426754	5314ba1dbb03f471df88bec6cd120a938ef60d0fd3511c5c1dce61bf7463245f	6	256	0-15	96553	2b1ef9c2726769f4a5248f2335e6a958b2de3e7bbe2d68f0fb48a5bf1edeb75f	PPMD:o6:mem23	"[""lcet10.txt""]"	0	0	0.03	9344	0	0.03	8832	0	true	true	true	426754	5314ba1dbb03f471df88bec6cd120a938ef60d0fd3511c5c1dce61bf7463245f	61dfd87b09b24c1b0e1875967d46acac9f674412375a4f036c9091db72f422e4	01daf18c25d349b505ef8d9ef5ab088f9a8238082c123662b4b72535d538f6a7
new02-ppmd-oracle-results-v1	PASS	4352d71ee8f4479c17312750d3b08f7095f0fb57737fbf55ac8877b10e0864ba	708cda945a285526610371d812e4f54725eb6baf	78	world/lcet10.txt/order=8/mem=16MiB	world	lcet10.txt	canterbury/lcet10.txt	true	426754	5314ba1dbb03f471df88bec6cd120a938ef60d0fd3511c5c1dce61bf7463245f	8	16	0-15	96254	0e1599ba816d1a368d9268623dec4fcb69d395bac323687276d40b11d545a866	PPMD:o8:mem23	"[""lcet10.txt""]"	0	0	0.03	11648	0	0.04	11136	0	true	true	true	426754	5314ba1dbb03f471df88bec6cd120a938ef60d0fd3511c5c1dce61bf7463245f	6e96b42829bac06a3b3c1975a78a75e21564c0486bd932f7c30129bcc2f8d5b4	83faed89d42a7df2da09bb94cc1d4b795ddb998f23b74b5929850925dba8c1b5
new02-ppmd-oracle-results-v1	PASS	4352d71ee8f4479c17312750d3b08f7095f0fb57737fbf55ac8877b10e0864ba	708cda945a285526610371d812e4f54725eb6baf	79	world/lcet10.txt/order=8/mem=64MiB	world	lcet10.txt	canterbury/lcet10.txt	true	426754	5314ba1dbb03f471df88bec6cd120a938ef60d0fd3511c5c1dce61bf7463245f	8	64	0-15	96254	0e1599ba816d1a368d9268623dec4fcb69d395bac323687276d40b11d545a866	PPMD:o8:mem23	"[""lcet10.txt""]"	0	0	0.03	11648	0	0.04	11136	0	true	true	true	426754	5314ba1dbb03f471df88bec6cd120a938ef60d0fd3511c5c1dce61bf7463245f	590b143797d48d3968ce6e4a420d5a8931ea98015425f64e2bc97a3492b1fe8c	6e61e05420d79f27c3ae1d01031aba50411b15de1abdd5d4085dd2c5bc112fb4
new02-ppmd-oracle-results-v1	PASS	4352d71ee8f4479c17312750d3b08f7095f0fb57737fbf55ac8877b10e0864ba	708cda945a285526610371d812e4f54725eb6baf	80	world/lcet10.txt/order=8/mem=256MiB	world	lcet10.txt	canterbury/lcet10.txt	true	426754	5314ba1dbb03f471df88bec6cd120a938ef60d0fd3511c5c1dce61bf7463245f	8	256	0-15	96254	0e1599ba816d1a368d9268623dec4fcb69d395bac323687276d40b11d545a866	PPMD:o8:mem23	"[""lcet10.txt""]"	0	0	0.03	11648	0	0.04	11136	0	true	true	true	426754	5314ba1dbb03f471df88bec6cd120a938ef60d0fd3511c5c1dce61bf7463245f	c40b0833c6250150a9f3fe2bba5f1adc0c76cb161387893a6c354b3bb213bc74	aa17baba311753c74527c0ca1d593193cfd01a0261e9d442c3f491eb8d3a1079
new02-ppmd-oracle-results-v1	PASS	4352d71ee8f4479c17312750d3b08f7095f0fb57737fbf55ac8877b10e0864ba	708cda945a285526610371d812e4f54725eb6baf	81	world/plrabn12.txt/order=4/mem=16MiB	world	plrabn12.txt	canterbury/plrabn12.txt	true	481861	07e2e0b461af78c7c647cb53dab39de560198e16f799b4516eccf0fbd69f764c	4	16	0-15	134803	2a2e513b7e405dbb3689692f81e6a023047d5a3deda61ef7efe6145d4099258d	PPMD:o4:mem23	"[""plrabn12.txt""]"	0	0	0.02	7552	0	0.03	7040	0	true	true	true	481861	07e2e0b461af78c7c647cb53dab39de560198e16f799b4516eccf0fbd69f764c	b563122d34d042747bf46c49245c419cbe0f3dc2c6566594879773ac57cde476	db422b2a041180535dc117d7e2835f9bc1024c4417e21b08cbb34971d8111586
new02-ppmd-oracle-results-v1	PASS	4352d71ee8f4479c17312750d3b08f7095f0fb57737fbf55ac8877b10e0864ba	708cda945a285526610371d812e4f54725eb6baf	82	world/plrabn12.txt/order=4/mem=64MiB	world	plrabn12.txt	canterbury/plrabn12.txt	true	481861	07e2e0b461af78c7c647cb53dab39de560198e16f799b4516eccf0fbd69f764c	4	64	0-15	134803	2a2e513b7e405dbb3689692f81e6a023047d5a3deda61ef7efe6145d4099258d	PPMD:o4:mem23	"[""plrabn12.txt""]"	0	0	0.02	7552	0	0.03	7040	0	true	true	true	481861	07e2e0b461af78c7c647cb53dab39de560198e16f799b4516eccf0fbd69f764c	2bf9e2d9c188bbe57da824ddf26513633163a343cf63546f98c7eb38379499af	04f3c7cd7836b0797eae8ce82b2ba945c87a7c6ec0ab5ec196718afc99cec7cf
new02-ppmd-oracle-results-v1	PASS	4352d71ee8f4479c17312750d3b08f7095f0fb57737fbf55ac8877b10e0864ba	708cda945a285526610371d812e4f54725eb6baf	83	world/plrabn12.txt/order=4/mem=256MiB	world	plrabn12.txt	canterbury/plrabn12.txt	true	481861	07e2e0b461af78c7c647cb53dab39de560198e16f799b4516eccf0fbd69f764c	4	256	0-15	134803	2a2e513b7e405dbb3689692f81e6a023047d5a3deda61ef7efe6145d4099258d	PPMD:o4:mem23	"[""plrabn12.txt""]"	0	0	0.02	7552	0	0.02	7040	0	true	true	true	481861	07e2e0b461af78c7c647cb53dab39de560198e16f799b4516eccf0fbd69f764c	3373f1a837759875e9005659b7c630a3b8aa25460c7371abb5a7389b47a13c3f	385b5635a0dc6684c2432001f80e64960805f478f9b344fad86b158359334d22
new02-ppmd-oracle-results-v1	PASS	4352d71ee8f4479c17312750d3b08f7095f0fb57737fbf55ac8877b10e0864ba	708cda945a285526610371d812e4f54725eb6baf	84	world/plrabn12.txt/order=6/mem=16MiB	world	plrabn12.txt	canterbury/plrabn12.txt	true	481861	07e2e0b461af78c7c647cb53dab39de560198e16f799b4516eccf0fbd69f764c	6	16	0-15	132529	f00a46085ac0382ea5be1b80a705c4d82798dd5abc55e4cd03ae43b674e67b74	PPMD:o6:mem23	"[""plrabn12.txt""]"	0	0	0.04	10368	0	0.04	9728	0	true	true	true	481861	07e2e0b461af78c7c647cb53dab39de560198e16f799b4516eccf0fbd69f764c	1f4636f81c620865295437a4115a5aed3f2200f30ff28440defa710e774b90b0	e176689380083419d4a1f869302f5067444fc3e78814614aff5d41afe1da1863
new02-ppmd-oracle-results-v1	PASS	4352d71ee8f4479c17312750d3b08f7095f0fb57737fbf55ac8877b10e0864ba	708cda945a285526610371d812e4f54725eb6baf	85	world/plrabn12.txt/order=6/mem=64MiB	world	plrabn12.txt	canterbury/plrabn12.txt	true	481861	07e2e0b461af78c7c647cb53dab39de560198e16f799b4516eccf0fbd69f764c	6	64	0-15	132529	f00a46085ac0382ea5be1b80a705c4d82798dd5abc55e4cd03ae43b674e67b74	PPMD:o6:mem23	"[""plrabn12.txt""]"	0	0	0.04	10368	0	0.04	9728	0	true	true	true	481861	07e2e0b461af78c7c647cb53dab39de560198e16f799b4516eccf0fbd69f764c	e9432d421678244c99f08a4cc92101c4324765cd9c35db3cd566cc4ef1b78789	e5095ab3e324497e276b0715094d6bf1abde6270e4b95e9c271a1e95a72827df
new02-ppmd-oracle-results-v1	PASS	4352d71ee8f4479c17312750d3b08f7095f0fb57737fbf55ac8877b10e0864ba	708cda945a285526610371d812e4f54725eb6baf	86	world/plrabn12.txt/order=6/mem=256MiB	world	plrabn12.txt	canterbury/plrabn12.txt	true	481861	07e2e0b461af78c7c647cb53dab39de560198e16f799b4516eccf0fbd69f764c	6	256	0-15	132529	f00a46085ac0382ea5be1b80a705c4d82798dd5abc55e4cd03ae43b674e67b74	PPMD:o6:mem23	"[""plrabn12.txt""]"	0	0	0.04	10368	0	0.04	9728	0	true	true	true	481861	07e2e0b461af78c7c647cb53dab39de560198e16f799b4516eccf0fbd69f764c	b74434e2b6e6a62073e85b6a1de5b2b0be7ccdce1c63ea2d031d3aa5800c7acd	825f4c8e67a59b38dfe984d34d15aa2b30bfff6db628c155c3c2388ee8b4da2d
new02-ppmd-oracle-results-v1	PASS	4352d71ee8f4479c17312750d3b08f7095f0fb57737fbf55ac8877b10e0864ba	708cda945a285526610371d812e4f54725eb6baf	87	world/plrabn12.txt/order=8/mem=16MiB	world	plrabn12.txt	canterbury/plrabn12.txt	true	481861	07e2e0b461af78c7c647cb53dab39de560198e16f799b4516eccf0fbd69f764c	8	16	0-15	133119	2bc8b874ea5b422d687a6d100acc6722f78425457f686baa921b0736a3bcc598	PPMD:o8:mem23	"[""plrabn12.txt""]"	0	0	0.05	13440	0	0.05	12800	0	true	true	true	481861	07e2e0b461af78c7c647cb53dab39de560198e16f799b4516eccf0fbd69f764c	7088fe389f0a4e1e48219cf9e5ac46fd79964546934d0ccff7ad7d6d20a7bb69	d3d8623f34132d839eb33902927316c286c560e6c220c14db287d667c07fc3ee
new02-ppmd-oracle-results-v1	PASS	4352d71ee8f4479c17312750d3b08f7095f0fb57737fbf55ac8877b10e0864ba	708cda945a285526610371d812e4f54725eb6baf	88	world/plrabn12.txt/order=8/mem=64MiB	world	plrabn12.txt	canterbury/plrabn12.txt	true	481861	07e2e0b461af78c7c647cb53dab39de560198e16f799b4516eccf0fbd69f764c	8	64	0-15	133119	2bc8b874ea5b422d687a6d100acc6722f78425457f686baa921b0736a3bcc598	PPMD:o8:mem23	"[""plrabn12.txt""]"	0	0	0.05	13440	0	0.05	12800	0	true	true	true	481861	07e2e0b461af78c7c647cb53dab39de560198e16f799b4516eccf0fbd69f764c	57da20c5d51c4c567df33978cc4e0960d624f8b5d53d05ce388e1a0693cf75d1	4705ac27a4c4ab507f399a2c276b8525bc136721eb8c1185c5721856b9d54fba
new02-ppmd-oracle-results-v1	PASS	4352d71ee8f4479c17312750d3b08f7095f0fb57737fbf55ac8877b10e0864ba	708cda945a285526610371d812e4f54725eb6baf	89	world/plrabn12.txt/order=8/mem=256MiB	world	plrabn12.txt	canterbury/plrabn12.txt	true	481861	07e2e0b461af78c7c647cb53dab39de560198e16f799b4516eccf0fbd69f764c	8	256	0-15	133119	2bc8b874ea5b422d687a6d100acc6722f78425457f686baa921b0736a3bcc598	PPMD:o8:mem23	"[""plrabn12.txt""]"	0	0	0.06	13184	0	0.05	12800	0	true	true	true	481861	07e2e0b461af78c7c647cb53dab39de560198e16f799b4516eccf0fbd69f764c	bc79289cf22ca9e29bca263d9ba296facb6053be6c746fa583a08c400672f3bc	3c66877b6de3ad515480c0102638540e730de506fea53727d8a6ce665d82b9af
new02-ppmd-oracle-results-v1	PASS	4352d71ee8f4479c17312750d3b08f7095f0fb57737fbf55ac8877b10e0864ba	708cda945a285526610371d812e4f54725eb6baf	90	world/xargs.1/order=4/mem=16MiB	world	xargs.1	canterbury/xargs.1	true	4227	c58aeb5d2d1e12751d47e7412b45784405fc30a5671b03d480fa05776e183619	4	16	0-15	1621	8148eadf21e443439a5a15f5c97b777b92dd7f67178a5308161b47abdc277bc5	PPMD:o4:mem17	"[""xargs.1""]"	0	0	0.0	6016	0	0.0	5888	0	true	true	true	4227	c58aeb5d2d1e12751d47e7412b45784405fc30a5671b03d480fa05776e183619	52a7b574e4c52a65f4aa0f3fa0093532e8720f6fa765b311c6a1fc0f4d9e6300	b8bd2de31b01775950c678ed5866ed0be51cf849814e12d705dfa18b31984488
new02-ppmd-oracle-results-v1	PASS	4352d71ee8f4479c17312750d3b08f7095f0fb57737fbf55ac8877b10e0864ba	708cda945a285526610371d812e4f54725eb6baf	91	world/xargs.1/order=4/mem=64MiB	world	xargs.1	canterbury/xargs.1	true	4227	c58aeb5d2d1e12751d47e7412b45784405fc30a5671b03d480fa05776e183619	4	64	0-15	1621	8148eadf21e443439a5a15f5c97b777b92dd7f67178a5308161b47abdc277bc5	PPMD:o4:mem17	"[""xargs.1""]"	0	0	0.0	6016	0	0.0	5888	0	true	true	true	4227	c58aeb5d2d1e12751d47e7412b45784405fc30a5671b03d480fa05776e183619	3a916d7e413970bbf18dbc0df6d3995e73fa9de7874e87ca6f23e323d917e1b0	94ac95a9b30bf6ce6284cc5f7ca7ac0dd375c8821d06fbf9127760a2e74606ab
new02-ppmd-oracle-results-v1	PASS	4352d71ee8f4479c17312750d3b08f7095f0fb57737fbf55ac8877b10e0864ba	708cda945a285526610371d812e4f54725eb6baf	92	world/xargs.1/order=4/mem=256MiB	world	xargs.1	canterbury/xargs.1	true	4227	c58aeb5d2d1e12751d47e7412b45784405fc30a5671b03d480fa05776e183619	4	256	0-15	1621	8148eadf21e443439a5a15f5c97b777b92dd7f67178a5308161b47abdc277bc5	PPMD:o4:mem17	"[""xargs.1""]"	0	0	0.0	6016	0	0.0	5760	0	true	true	true	4227	c58aeb5d2d1e12751d47e7412b45784405fc30a5671b03d480fa05776e183619	2be815ff1720718a98e2350b6f0dd20339b50badf820c94911db6adbcedcd579	405722361a8d0f5c31086439fd2dac7e25073824a15ca0875fc8bc32d33c4f87
new02-ppmd-oracle-results-v1	PASS	4352d71ee8f4479c17312750d3b08f7095f0fb57737fbf55ac8877b10e0864ba	708cda945a285526610371d812e4f54725eb6baf	93	world/xargs.1/order=6/mem=16MiB	world	xargs.1	canterbury/xargs.1	true	4227	c58aeb5d2d1e12751d47e7412b45784405fc30a5671b03d480fa05776e183619	6	16	0-15	1610	ddefbae9bc7acaf516bd32f4a75a9385b5fd95ad949c73a59dc66adbe9f9dd61	PPMD:o6:mem17	"[""xargs.1""]"	0	0	0.0	6144	0	0.0	6016	0	true	true	true	4227	c58aeb5d2d1e12751d47e7412b45784405fc30a5671b03d480fa05776e183619	64cd247522c1c1f04f3646cc063411887ea1386947cbc139d27f3d4d731d7906	4f531805bad4786fea0e46a4b368dbde91ec3ecdcd8f9a4009dde2eda354e53f
new02-ppmd-oracle-results-v1	PASS	4352d71ee8f4479c17312750d3b08f7095f0fb57737fbf55ac8877b10e0864ba	708cda945a285526610371d812e4f54725eb6baf	94	world/xargs.1/order=6/mem=64MiB	world	xargs.1	canterbury/xargs.1	true	4227	c58aeb5d2d1e12751d47e7412b45784405fc30a5671b03d480fa05776e183619	6	64	0-15	1610	ddefbae9bc7acaf516bd32f4a75a9385b5fd95ad949c73a59dc66adbe9f9dd61	PPMD:o6:mem17	"[""xargs.1""]"	0	0	0.0	6144	0	0.0	6016	0	true	true	true	4227	c58aeb5d2d1e12751d47e7412b45784405fc30a5671b03d480fa05776e183619	46b7e238b0f96362ce31acc78b2cffb59a9a5e05597a8dbb9b957a6765cffd6f	f50a3735d04c0fbede82b972e6ee07a8a56e42566dd62e00ef0a65c6d4b78b63
new02-ppmd-oracle-results-v1	PASS	4352d71ee8f4479c17312750d3b08f7095f0fb57737fbf55ac8877b10e0864ba	708cda945a285526610371d812e4f54725eb6baf	95	world/xargs.1/order=6/mem=256MiB	world	xargs.1	canterbury/xargs.1	true	4227	c58aeb5d2d1e12751d47e7412b45784405fc30a5671b03d480fa05776e183619	6	256	0-15	1610	ddefbae9bc7acaf516bd32f4a75a9385b5fd95ad949c73a59dc66adbe9f9dd61	PPMD:o6:mem17	"[""xargs.1""]"	0	0	0.0	6144	0	0.0	6016	0	true	true	true	4227	c58aeb5d2d1e12751d47e7412b45784405fc30a5671b03d480fa05776e183619	d0af9003ffc2ed40e2e3e0ba391afe0e3434aa21edf79bc1bf4f671d5e841eb0	31c63fd4e2b24cc9d3ee938e18fb3ff396135c4e1a4c1337ef4ece41bc56660f
new02-ppmd-oracle-results-v1	PASS	4352d71ee8f4479c17312750d3b08f7095f0fb57737fbf55ac8877b10e0864ba	708cda945a285526610371d812e4f54725eb6baf	96	world/xargs.1/order=8/mem=16MiB	world	xargs.1	canterbury/xargs.1	true	4227	c58aeb5d2d1e12751d47e7412b45784405fc30a5671b03d480fa05776e183619	8	16	0-15	1612	2ee4cb5f8cc39f2e4eb96ce9a8083d88c6d50a8ca160ebe9923eb5d32ce3cf66	PPMD:o8:mem17	"[""xargs.1""]"	0	0	0.0	6016	0	0.0	5888	0	true	true	true	4227	c58aeb5d2d1e12751d47e7412b45784405fc30a5671b03d480fa05776e183619	656ab4368d4744f29119d296004dc1125cd89fa61892224287524d53777ae157	6d2de86bfa0eab5f6804f459b0a5a220fe80fd31f1f63fcf5cad03fd40a3024e
new02-ppmd-oracle-results-v1	PASS	4352d71ee8f4479c17312750d3b08f7095f0fb57737fbf55ac8877b10e0864ba	708cda945a285526610371d812e4f54725eb6baf	97	world/xargs.1/order=8/mem=64MiB	world	xargs.1	canterbury/xargs.1	true	4227	c58aeb5d2d1e12751d47e7412b45784405fc30a5671b03d480fa05776e183619	8	64	0-15	1612	2ee4cb5f8cc39f2e4eb96ce9a8083d88c6d50a8ca160ebe9923eb5d32ce3cf66	PPMD:o8:mem17	"[""xargs.1""]"	0	0	0.0	6144	0	0.0	6016	0	true	true	true	4227	c58aeb5d2d1e12751d47e7412b45784405fc30a5671b03d480fa05776e183619	58afeb8be0a1015822116257b76e49caacc19e2167a4344b3dc491fc254cb65f	673e1d04ff99b56cb7f84d840bb1312f7805dcac7e79b5565aff75d064bf395b
new02-ppmd-oracle-results-v1	PASS	4352d71ee8f4479c17312750d3b08f7095f0fb57737fbf55ac8877b10e0864ba	708cda945a285526610371d812e4f54725eb6baf	98	world/xargs.1/order=8/mem=256MiB	world	xargs.1	canterbury/xargs.1	true	4227	c58aeb5d2d1e12751d47e7412b45784405fc30a5671b03d480fa05776e183619	8	256	0-15	1612	2ee4cb5f8cc39f2e4eb96ce9a8083d88c6d50a8ca160ebe9923eb5d32ce3cf66	PPMD:o8:mem17	"[""xargs.1""]"	0	0	0.0	6016	0	0.0	5888	0	true	true	true	4227	c58aeb5d2d1e12751d47e7412b45784405fc30a5671b03d480fa05776e183619	06d7de2841dc7c1581aef9f4bd99509e236408fd002104d5145ec05d32632be1	6b67bc39d75f08638c426ba81ac7aa9e4416d2fc8ab0b9d6e15427bad070ca23
new02-ppmd-oracle-results-v1	PASS	4352d71ee8f4479c17312750d3b08f7095f0fb57737fbf55ac8877b10e0864ba	708cda945a285526610371d812e4f54725eb6baf	99	tuned/binary_mixed.bin/order=4/mem=16MiB	tuned	binary_mixed.bin	binary_mixed.bin	false	8192	669a93863d0fab21a599f70df7d8bc9ec98c9c933f60be5112612157622672d6	4	16	0-15	5467	53a01db39a7634cc720ed012720956477020d50043a5ba902fe8533f3a0fb12a	PPMD:o4:mem17	"[""binary_mixed.bin""]"	0	0	0.0	6144	0	0.0	5888	0	true	true	true	8192	669a93863d0fab21a599f70df7d8bc9ec98c9c933f60be5112612157622672d6	672df1a5b32d42bbf0906c1778d633cd956a32f96cdc1b0e5f319116031055dc	a61014c274e4fe30cdf58f687ff4d708c0007684f6cbbf2e8a834947a73bdc9d
new02-ppmd-oracle-results-v1	PASS	4352d71ee8f4479c17312750d3b08f7095f0fb57737fbf55ac8877b10e0864ba	708cda945a285526610371d812e4f54725eb6baf	100	tuned/binary_mixed.bin/order=4/mem=64MiB	tuned	binary_mixed.bin	binary_mixed.bin	false	8192	669a93863d0fab21a599f70df7d8bc9ec98c9c933f60be5112612157622672d6	4	64	0-15	5467	53a01db39a7634cc720ed012720956477020d50043a5ba902fe8533f3a0fb12a	PPMD:o4:mem17	"[""binary_mixed.bin""]"	0	0	0.0	6144	0	0.0	5888	0	true	true	true	8192	669a93863d0fab21a599f70df7d8bc9ec98c9c933f60be5112612157622672d6	5b13efba9067a28643d2e0d0bdbaac16d60cd7bbc36e78e136707d1d25659ceb	378ae64be723139229bd40e29b5525146188af2ce961a365ee6d7bf204802e7e
new02-ppmd-oracle-results-v1	PASS	4352d71ee8f4479c17312750d3b08f7095f0fb57737fbf55ac8877b10e0864ba	708cda945a285526610371d812e4f54725eb6baf	101	tuned/binary_mixed.bin/order=4/mem=256MiB	tuned	binary_mixed.bin	binary_mixed.bin	false	8192	669a93863d0fab21a599f70df7d8bc9ec98c9c933f60be5112612157622672d6	4	256	0-15	5467	53a01db39a7634cc720ed012720956477020d50043a5ba902fe8533f3a0fb12a	PPMD:o4:mem17	"[""binary_mixed.bin""]"	0	0	0.0	6144	0	0.0	5888	0	true	true	true	8192	669a93863d0fab21a599f70df7d8bc9ec98c9c933f60be5112612157622672d6	2b9cbab9905463f5cc2ee02766b47d39e571015ffce2d9802f5f05677287aab1	fa792be4c7688001629659b8fe582be35d02ed0b7b8839656d4d80ce82be420f
new02-ppmd-oracle-results-v1	PASS	4352d71ee8f4479c17312750d3b08f7095f0fb57737fbf55ac8877b10e0864ba	708cda945a285526610371d812e4f54725eb6baf	102	tuned/binary_mixed.bin/order=6/mem=16MiB	tuned	binary_mixed.bin	binary_mixed.bin	false	8192	669a93863d0fab21a599f70df7d8bc9ec98c9c933f60be5112612157622672d6	6	16	0-15	5467	10c2cf5230385c380974ba1a6111044a69dc9b0e84f296c37c281f205124fe4d	PPMD:o6:mem17	"[""binary_mixed.bin""]"	0	0	0.0	6016	0	0.0	6016	0	true	true	true	8192	669a93863d0fab21a599f70df7d8bc9ec98c9c933f60be5112612157622672d6	df271fe45256529c6dda523817659d6c652deb1491e05d7060b9a8ea11ea4bda	16022519d557d32e26174ff465b72878d48df576eb4374e578013cd6b076335a
new02-ppmd-oracle-results-v1	PASS	4352d71ee8f4479c17312750d3b08f7095f0fb57737fbf55ac8877b10e0864ba	708cda945a285526610371d812e4f54725eb6baf	103	tuned/binary_mixed.bin/order=6/mem=64MiB	tuned	binary_mixed.bin	binary_mixed.bin	false	8192	669a93863d0fab21a599f70df7d8bc9ec98c9c933f60be5112612157622672d6	6	64	0-15	5467	10c2cf5230385c380974ba1a6111044a69dc9b0e84f296c37c281f205124fe4d	PPMD:o6:mem17	"[""binary_mixed.bin""]"	0	0	0.0	6144	0	0.0	5888	0	true	true	true	8192	669a93863d0fab21a599f70df7d8bc9ec98c9c933f60be5112612157622672d6	13ce8e91a8f29a3cebf66080c6d604a2f8a7184012dea5718c72e1bc1ee5e8ed	70247bf88e3cf162048bba807feab8bc565007404906e4665acb66e0cb682690
new02-ppmd-oracle-results-v1	PASS	4352d71ee8f4479c17312750d3b08f7095f0fb57737fbf55ac8877b10e0864ba	708cda945a285526610371d812e4f54725eb6baf	104	tuned/binary_mixed.bin/order=6/mem=256MiB	tuned	binary_mixed.bin	binary_mixed.bin	false	8192	669a93863d0fab21a599f70df7d8bc9ec98c9c933f60be5112612157622672d6	6	256	0-15	5467	10c2cf5230385c380974ba1a6111044a69dc9b0e84f296c37c281f205124fe4d	PPMD:o6:mem17	"[""binary_mixed.bin""]"	0	0	0.0	6144	0	0.0	6016	0	true	true	true	8192	669a93863d0fab21a599f70df7d8bc9ec98c9c933f60be5112612157622672d6	b463233cff09f2c07ba3b9ef14082c7586fbc215edc685076c3cfb52e581587d	4056bcc0892202e2a5009da0e5d6f43667d9cf89dde0bd833c3dad75a219b97f
new02-ppmd-oracle-results-v1	PASS	4352d71ee8f4479c17312750d3b08f7095f0fb57737fbf55ac8877b10e0864ba	708cda945a285526610371d812e4f54725eb6baf	105	tuned/binary_mixed.bin/order=8/mem=16MiB	tuned	binary_mixed.bin	binary_mixed.bin	false	8192	669a93863d0fab21a599f70df7d8bc9ec98c9c933f60be5112612157622672d6	8	16	0-15	5467	f03c5539c7ed71a8ac564b13ac2089461a72cdeb8e627d7ea92481cf64301d37	PPMD:o8:mem17	"[""binary_mixed.bin""]"	0	0	0.0	6144	0	0.0	6016	0	true	true	true	8192	669a93863d0fab21a599f70df7d8bc9ec98c9c933f60be5112612157622672d6	ba27f1300d2a0479be76769efb859618cdd9061c2d6de1a011edd6d913f73031	4a2c4219d75007a17515b86f5a0cd80e23420b640f573aa24475f604f521e2fb
new02-ppmd-oracle-results-v1	PASS	4352d71ee8f4479c17312750d3b08f7095f0fb57737fbf55ac8877b10e0864ba	708cda945a285526610371d812e4f54725eb6baf	106	tuned/binary_mixed.bin/order=8/mem=64MiB	tuned	binary_mixed.bin	binary_mixed.bin	false	8192	669a93863d0fab21a599f70df7d8bc9ec98c9c933f60be5112612157622672d6	8	64	0-15	5467	f03c5539c7ed71a8ac564b13ac2089461a72cdeb8e627d7ea92481cf64301d37	PPMD:o8:mem17	"[""binary_mixed.bin""]"	0	0	0.0	6144	0	0.0	6016	0	true	true	true	8192	669a93863d0fab21a599f70df7d8bc9ec98c9c933f60be5112612157622672d6	f0993ec413611881c375b306cc12e8d0d474b76313478aa476a2c7ae77d32a08	146dc10ce53c276ef8c8ece1f02cc7917cafcd2c19325e1879890f0b7c6f0b72
new02-ppmd-oracle-results-v1	PASS	4352d71ee8f4479c17312750d3b08f7095f0fb57737fbf55ac8877b10e0864ba	708cda945a285526610371d812e4f54725eb6baf	107	tuned/binary_mixed.bin/order=8/mem=256MiB	tuned	binary_mixed.bin	binary_mixed.bin	false	8192	669a93863d0fab21a599f70df7d8bc9ec98c9c933f60be5112612157622672d6	8	256	0-15	5467	f03c5539c7ed71a8ac564b13ac2089461a72cdeb8e627d7ea92481cf64301d37	PPMD:o8:mem17	"[""binary_mixed.bin""]"	0	0	0.0	6144	0	0.0	6016	0	true	true	true	8192	669a93863d0fab21a599f70df7d8bc9ec98c9c933f60be5112612157622672d6	8ac18308a5d277d7b38a6192c1bb8962a3727781928f62483b7430df89c18422	4382a110f9c01d43b299e6845f25ab9c43c7bfa5e4db019f835113e3ca3236b3
new02-ppmd-oracle-results-v1	PASS	4352d71ee8f4479c17312750d3b08f7095f0fb57737fbf55ac8877b10e0864ba	708cda945a285526610371d812e4f54725eb6baf	108	tuned/block_bound_runs.bin/order=4/mem=16MiB	tuned	block_bound_runs.bin	block_bound_runs.bin	false	65536	abcb2d5a7ea6c1e74f753c2a775998379568e79a13358cb52dfb48a956c040d5	4	16	0-15	2646	4209e7863e258d2d5f51b9b84d46ee8e36518cfbd7e178b0bff69f2495a35ef5	PPMD:o4:mem20	"[""block_bound_runs.bin""]"	0	0	0.0	6144	0	0.0	5888	0	true	true	true	65536	abcb2d5a7ea6c1e74f753c2a775998379568e79a13358cb52dfb48a956c040d5	cac4c456e3bc56c0e9c05330c7a84605355b5acdcedf2bc887abe1b9ab8157a2	b97d2e853327d5471980035fcb5e7b2c859cc5a6d69685e4cca10335853633bb
new02-ppmd-oracle-results-v1	PASS	4352d71ee8f4479c17312750d3b08f7095f0fb57737fbf55ac8877b10e0864ba	708cda945a285526610371d812e4f54725eb6baf	109	tuned/block_bound_runs.bin/order=4/mem=64MiB	tuned	block_bound_runs.bin	block_bound_runs.bin	false	65536	abcb2d5a7ea6c1e74f753c2a775998379568e79a13358cb52dfb48a956c040d5	4	64	0-15	2646	4209e7863e258d2d5f51b9b84d46ee8e36518cfbd7e178b0bff69f2495a35ef5	PPMD:o4:mem20	"[""block_bound_runs.bin""]"	0	0	0.0	6144	0	0.0	6016	0	true	true	true	65536	abcb2d5a7ea6c1e74f753c2a775998379568e79a13358cb52dfb48a956c040d5	7838a5269b00ba7cd647936ae95f6ef3e36f8d8e1e2b8ea606bd04cdb02d0a16	f044f205b02f30794f58ec47eccd2290086f786797844c3d1711f7af2f21b887
new02-ppmd-oracle-results-v1	PASS	4352d71ee8f4479c17312750d3b08f7095f0fb57737fbf55ac8877b10e0864ba	708cda945a285526610371d812e4f54725eb6baf	110	tuned/block_bound_runs.bin/order=4/mem=256MiB	tuned	block_bound_runs.bin	block_bound_runs.bin	false	65536	abcb2d5a7ea6c1e74f753c2a775998379568e79a13358cb52dfb48a956c040d5	4	256	0-15	2646	4209e7863e258d2d5f51b9b84d46ee8e36518cfbd7e178b0bff69f2495a35ef5	PPMD:o4:mem20	"[""block_bound_runs.bin""]"	0	0	0.0	6016	0	0.0	6016	0	true	true	true	65536	abcb2d5a7ea6c1e74f753c2a775998379568e79a13358cb52dfb48a956c040d5	93a20135868fa12e0b10e9810cad8e27dbac9b5d2706462fbf74a5899fee353d	7d113b35e9334be853f817215dd93fd2fae8c6f1854e905c39211b866e13270b
new02-ppmd-oracle-results-v1	PASS	4352d71ee8f4479c17312750d3b08f7095f0fb57737fbf55ac8877b10e0864ba	708cda945a285526610371d812e4f54725eb6baf	111	tuned/block_bound_runs.bin/order=6/mem=16MiB	tuned	block_bound_runs.bin	block_bound_runs.bin	false	65536	abcb2d5a7ea6c1e74f753c2a775998379568e79a13358cb52dfb48a956c040d5	6	16	0-15	2621	98da0a7d4704f088f2c45daf8505928a38e5a5f29b332281f3106ef0be4a9181	PPMD:o6:mem20	"[""block_bound_runs.bin""]"	0	0	0.0	6144	0	0.0	6016	0	true	true	true	65536	abcb2d5a7ea6c1e74f753c2a775998379568e79a13358cb52dfb48a956c040d5	b10966fed0be3773ed5fa9a2c5d1719d2cc6c80f4036ec56c0b9e0535e3f8fc3	df94e2b8f5d6774defa0eca8ca5fead15038cd5c21f7778607e4c6b607685153
new02-ppmd-oracle-results-v1	PASS	4352d71ee8f4479c17312750d3b08f7095f0fb57737fbf55ac8877b10e0864ba	708cda945a285526610371d812e4f54725eb6baf	112	tuned/block_bound_runs.bin/order=6/mem=64MiB	tuned	block_bound_runs.bin	block_bound_runs.bin	false	65536	abcb2d5a7ea6c1e74f753c2a775998379568e79a13358cb52dfb48a956c040d5	6	64	0-15	2621	98da0a7d4704f088f2c45daf8505928a38e5a5f29b332281f3106ef0be4a9181	PPMD:o6:mem20	"[""block_bound_runs.bin""]"	0	0	0.0	6144	0	0.0	6016	0	true	true	true	65536	abcb2d5a7ea6c1e74f753c2a775998379568e79a13358cb52dfb48a956c040d5	743c1c1a9cac31744be5909f35edd6a3cbd6517f935598293bdf2cf6202cc6a2	41ac7d4a515078fd31203f2666f7ead7983c9a2dc5bce795da0dda056cf2d03b
new02-ppmd-oracle-results-v1	PASS	4352d71ee8f4479c17312750d3b08f7095f0fb57737fbf55ac8877b10e0864ba	708cda945a285526610371d812e4f54725eb6baf	113	tuned/block_bound_runs.bin/order=6/mem=256MiB	tuned	block_bound_runs.bin	block_bound_runs.bin	false	65536	abcb2d5a7ea6c1e74f753c2a775998379568e79a13358cb52dfb48a956c040d5	6	256	0-15	2621	98da0a7d4704f088f2c45daf8505928a38e5a5f29b332281f3106ef0be4a9181	PPMD:o6:mem20	"[""block_bound_runs.bin""]"	0	0	0.0	6144	0	0.0	5888	0	true	true	true	65536	abcb2d5a7ea6c1e74f753c2a775998379568e79a13358cb52dfb48a956c040d5	85509d40f79dbf8780f70b30c6b97ec23dabda156063f319f047ef2af404e8e7	65f866b4d9df1e4aa2ad02bcb222613a46548bfe2eca67b2b5ce5a4bfce86e72
new02-ppmd-oracle-results-v1	PASS	4352d71ee8f4479c17312750d3b08f7095f0fb57737fbf55ac8877b10e0864ba	708cda945a285526610371d812e4f54725eb6baf	114	tuned/block_bound_runs.bin/order=8/mem=16MiB	tuned	block_bound_runs.bin	block_bound_runs.bin	false	65536	abcb2d5a7ea6c1e74f753c2a775998379568e79a13358cb52dfb48a956c040d5	8	16	0-15	2578	54a0442252a86531c332a1ea5879e0e1e11189ada75e5dcc15a0bddd2be55880	PPMD:o8:mem20	"[""block_bound_runs.bin""]"	0	0	0.0	6144	0	0.0	6016	0	true	true	true	65536	abcb2d5a7ea6c1e74f753c2a775998379568e79a13358cb52dfb48a956c040d5	40997ab89d37a13f279226a968af3b4a4a2a9c2d43880117148b4b5ace03c7c3	8b63f53c97891ae5c4ca18fce5b75f8bc911157179d6b48701c3e6b47fcfaa14
new02-ppmd-oracle-results-v1	PASS	4352d71ee8f4479c17312750d3b08f7095f0fb57737fbf55ac8877b10e0864ba	708cda945a285526610371d812e4f54725eb6baf	115	tuned/block_bound_runs.bin/order=8/mem=64MiB	tuned	block_bound_runs.bin	block_bound_runs.bin	false	65536	abcb2d5a7ea6c1e74f753c2a775998379568e79a13358cb52dfb48a956c040d5	8	64	0-15	2578	54a0442252a86531c332a1ea5879e0e1e11189ada75e5dcc15a0bddd2be55880	PPMD:o8:mem20	"[""block_bound_runs.bin""]"	0	0	0.0	6144	0	0.0	5888	0	true	true	true	65536	abcb2d5a7ea6c1e74f753c2a775998379568e79a13358cb52dfb48a956c040d5	a41c3fab41821989dacdbea3caa872ea2316537240bc475065736461b3a8267e	ca8a60293053c2514314a049592f254472042bb89eed0cc80638403f206cf947
new02-ppmd-oracle-results-v1	PASS	4352d71ee8f4479c17312750d3b08f7095f0fb57737fbf55ac8877b10e0864ba	708cda945a285526610371d812e4f54725eb6baf	116	tuned/block_bound_runs.bin/order=8/mem=256MiB	tuned	block_bound_runs.bin	block_bound_runs.bin	false	65536	abcb2d5a7ea6c1e74f753c2a775998379568e79a13358cb52dfb48a956c040d5	8	256	0-15	2578	54a0442252a86531c332a1ea5879e0e1e11189ada75e5dcc15a0bddd2be55880	PPMD:o8:mem20	"[""block_bound_runs.bin""]"	0	0	0.0	6144	0	0.0	5888	0	true	true	true	65536	abcb2d5a7ea6c1e74f753c2a775998379568e79a13358cb52dfb48a956c040d5	acefa0594a2346f2ed830734744e57f2c101156c89ed2f1bc8d43e37f08924ed	e911e97597da120a7f18306745531c5266282e8bb66b9c1fda69aa8f1e698b7f
new02-ppmd-oracle-results-v1	PASS	4352d71ee8f4479c17312750d3b08f7095f0fb57737fbf55ac8877b10e0864ba	708cda945a285526610371d812e4f54725eb6baf	117	tuned/both_sparse_16.bin/order=4/mem=16MiB	tuned	both_sparse_16.bin	both_sparse_16.bin	false	16	84c92eca52cc2721fbd3a0e285ecf16596756e1e7513bf4f4e314c0b7b9259e3	4	16	0-15	166	b80287d12b2c49a3dea1a93858ae2c8ea5d922721b150b0a165722b41d60e624	PPMD:o4:mem16	"[""both_sparse_16.bin""]"	0	0	0.0	6016	0	0.0	5888	0	true	true	true	16	84c92eca52cc2721fbd3a0e285ecf16596756e1e7513bf4f4e314c0b7b9259e3	d312d569751a6a7c965c17dfeafb541ab08f760e66a2791f23b23f72fee9f40c	ba3b78faa0efdba0be1757bacd6690b8c89699dede2f068087f27b8430f0db9d
new02-ppmd-oracle-results-v1	PASS	4352d71ee8f4479c17312750d3b08f7095f0fb57737fbf55ac8877b10e0864ba	708cda945a285526610371d812e4f54725eb6baf	118	tuned/both_sparse_16.bin/order=4/mem=64MiB	tuned	both_sparse_16.bin	both_sparse_16.bin	false	16	84c92eca52cc2721fbd3a0e285ecf16596756e1e7513bf4f4e314c0b7b9259e3	4	64	0-15	166	b80287d12b2c49a3dea1a93858ae2c8ea5d922721b150b0a165722b41d60e624	PPMD:o4:mem16	"[""both_sparse_16.bin""]"	0	0	0.0	6016	0	0.0	5888	0	true	true	true	16	84c92eca52cc2721fbd3a0e285ecf16596756e1e7513bf4f4e314c0b7b9259e3	937bd5402f714475cf12eeedd378fdcf69ae6bce217d8abc2ec2bff3821ba822	97c62b7a002c695f2ac2f28c5d72ebd0bec701fa47cdc824b867723410f88c3b
new02-ppmd-oracle-results-v1	PASS	4352d71ee8f4479c17312750d3b08f7095f0fb57737fbf55ac8877b10e0864ba	708cda945a285526610371d812e4f54725eb6baf	119	tuned/both_sparse_16.bin/order=4/mem=256MiB	tuned	both_sparse_16.bin	both_sparse_16.bin	false	16	84c92eca52cc2721fbd3a0e285ecf16596756e1e7513bf4f4e314c0b7b9259e3	4	256	0-15	166	b80287d12b2c49a3dea1a93858ae2c8ea5d922721b150b0a165722b41d60e624	PPMD:o4:mem16	"[""both_sparse_16.bin""]"	0	0	0.0	6016	0	0.0	5760	0	true	true	true	16	84c92eca52cc2721fbd3a0e285ecf16596756e1e7513bf4f4e314c0b7b9259e3	9ce418a70163209c6fc6034a9e4a4c73d762748bd54df55edb21bc2f18b56cde	2ad72042815c977f05b19863104e67649310424260a8003ec47df50739f6ec29
new02-ppmd-oracle-results-v1	PASS	4352d71ee8f4479c17312750d3b08f7095f0fb57737fbf55ac8877b10e0864ba	708cda945a285526610371d812e4f54725eb6baf	120	tuned/both_sparse_16.bin/order=6/mem=16MiB	tuned	both_sparse_16.bin	both_sparse_16.bin	false	16	84c92eca52cc2721fbd3a0e285ecf16596756e1e7513bf4f4e314c0b7b9259e3	6	16	0-15	166	75329767058eba82f56cee1580c42905ac644aba0c1f0ca57e98280b297b19a5	PPMD:o6:mem16	"[""both_sparse_16.bin""]"	0	0	0.0	5888	0	0.0	5888	0	true	true	true	16	84c92eca52cc2721fbd3a0e285ecf16596756e1e7513bf4f4e314c0b7b9259e3	9d5443770bec9c0efaf065c560e6546cb188e9bbb28a39969a964a3135345469	64c272e2f3a55b5acba41fe51b34e4804a297482a4c3e5662e7fbc6ab07a5170
new02-ppmd-oracle-results-v1	PASS	4352d71ee8f4479c17312750d3b08f7095f0fb57737fbf55ac8877b10e0864ba	708cda945a285526610371d812e4f54725eb6baf	121	tuned/both_sparse_16.bin/order=6/mem=64MiB	tuned	both_sparse_16.bin	both_sparse_16.bin	false	16	84c92eca52cc2721fbd3a0e285ecf16596756e1e7513bf4f4e314c0b7b9259e3	6	64	0-15	166	75329767058eba82f56cee1580c42905ac644aba0c1f0ca57e98280b297b19a5	PPMD:o6:mem16	"[""both_sparse_16.bin""]"	0	0	0.0	5888	0	0.0	5760	0	true	true	true	16	84c92eca52cc2721fbd3a0e285ecf16596756e1e7513bf4f4e314c0b7b9259e3	8cff288d3049d2a2296b1c6e6c2ccf76885949162688aaa492e4ef452de2561d	81a4396224d78af4071fd9ad5cace7fe24bc3e4ec4a9aa0c43324920f778d240
new02-ppmd-oracle-results-v1	PASS	4352d71ee8f4479c17312750d3b08f7095f0fb57737fbf55ac8877b10e0864ba	708cda945a285526610371d812e4f54725eb6baf	122	tuned/both_sparse_16.bin/order=6/mem=256MiB	tuned	both_sparse_16.bin	both_sparse_16.bin	false	16	84c92eca52cc2721fbd3a0e285ecf16596756e1e7513bf4f4e314c0b7b9259e3	6	256	0-15	166	75329767058eba82f56cee1580c42905ac644aba0c1f0ca57e98280b297b19a5	PPMD:o6:mem16	"[""both_sparse_16.bin""]"	0	0	0.0	6016	0	0.0	5888	0	true	true	true	16	84c92eca52cc2721fbd3a0e285ecf16596756e1e7513bf4f4e314c0b7b9259e3	31ca4ad04d2480b065dd293585751dfb2bbbf33956816e299648b6f43f7bca08	b447ad56128e551e95e7c6e4de647bd017cf612b793b906fe21558f5a21c29d0
new02-ppmd-oracle-results-v1	PASS	4352d71ee8f4479c17312750d3b08f7095f0fb57737fbf55ac8877b10e0864ba	708cda945a285526610371d812e4f54725eb6baf	123	tuned/both_sparse_16.bin/order=8/mem=16MiB	tuned	both_sparse_16.bin	both_sparse_16.bin	false	16	84c92eca52cc2721fbd3a0e285ecf16596756e1e7513bf4f4e314c0b7b9259e3	8	16	0-15	166	8f22bcb96cfc526389915654e4432afe9777ea5002abaabf9a3faabb9ab45f2c	PPMD:o8:mem16	"[""both_sparse_16.bin""]"	0	0	0.0	5888	0	0.0	5760	0	true	true	true	16	84c92eca52cc2721fbd3a0e285ecf16596756e1e7513bf4f4e314c0b7b9259e3	df48f88b117dd7c02baae90664bc4632168246e5e3a8741994d749fbd38e7683	70f7ed822e36822ea5aed601d6d0b108341b8a98d19c80322492ba5f65bb49d8
new02-ppmd-oracle-results-v1	PASS	4352d71ee8f4479c17312750d3b08f7095f0fb57737fbf55ac8877b10e0864ba	708cda945a285526610371d812e4f54725eb6baf	124	tuned/both_sparse_16.bin/order=8/mem=64MiB	tuned	both_sparse_16.bin	both_sparse_16.bin	false	16	84c92eca52cc2721fbd3a0e285ecf16596756e1e7513bf4f4e314c0b7b9259e3	8	64	0-15	166	8f22bcb96cfc526389915654e4432afe9777ea5002abaabf9a3faabb9ab45f2c	PPMD:o8:mem16	"[""both_sparse_16.bin""]"	0	0	0.0	5888	0	0.0	5760	0	true	true	true	16	84c92eca52cc2721fbd3a0e285ecf16596756e1e7513bf4f4e314c0b7b9259e3	b2ef0faf2738b5ceb638b5331eff91e427629f5770da81ed95d8ebf53978ea09	c46d9469e89b471ac4e9b6f7019b75df686c976549b6daeadd40d54d97d3acc8
new02-ppmd-oracle-results-v1	PASS	4352d71ee8f4479c17312750d3b08f7095f0fb57737fbf55ac8877b10e0864ba	708cda945a285526610371d812e4f54725eb6baf	125	tuned/both_sparse_16.bin/order=8/mem=256MiB	tuned	both_sparse_16.bin	both_sparse_16.bin	false	16	84c92eca52cc2721fbd3a0e285ecf16596756e1e7513bf4f4e314c0b7b9259e3	8	256	0-15	166	8f22bcb96cfc526389915654e4432afe9777ea5002abaabf9a3faabb9ab45f2c	PPMD:o8:mem16	"[""both_sparse_16.bin""]"	0	0	0.0	6016	0	0.0	5888	0	true	true	true	16	84c92eca52cc2721fbd3a0e285ecf16596756e1e7513bf4f4e314c0b7b9259e3	eb4cd5951d52d6c1272667f87aa535195992776605bdf56305380d6b4b5f9e1e	df29e9d6345ceb1b18f0f545299131653e83a54a8ef85ac874ce2e439599a72c
new02-ppmd-oracle-results-v1	PASS	4352d71ee8f4479c17312750d3b08f7095f0fb57737fbf55ac8877b10e0864ba	708cda945a285526610371d812e4f54725eb6baf	126	tuned/both_sparse_24.bin/order=4/mem=16MiB	tuned	both_sparse_24.bin	both_sparse_24.bin	false	24	ba3a1f0d984b45025c9a8ade0740d33355f430e48864bc7d83f26af579a2e510	4	16	0-15	175	51d2c935eef8610659122967754345a1603694f593e0c898b423be8aebd16ce5	PPMD:o4:mem16	"[""both_sparse_24.bin""]"	0	0	0.0	5888	0	0.0	5888	0	true	true	true	24	ba3a1f0d984b45025c9a8ade0740d33355f430e48864bc7d83f26af579a2e510	e22dc589248e20a924ec801bc4e56dc27bc895364f848de87b3cd218363aa240	eb38e19c20d129bfe10027b70f9fb2ae4231eeec7f0a746e83c9e40ab3cde2f6
new02-ppmd-oracle-results-v1	PASS	4352d71ee8f4479c17312750d3b08f7095f0fb57737fbf55ac8877b10e0864ba	708cda945a285526610371d812e4f54725eb6baf	127	tuned/both_sparse_24.bin/order=4/mem=64MiB	tuned	both_sparse_24.bin	both_sparse_24.bin	false	24	ba3a1f0d984b45025c9a8ade0740d33355f430e48864bc7d83f26af579a2e510	4	64	0-15	175	51d2c935eef8610659122967754345a1603694f593e0c898b423be8aebd16ce5	PPMD:o4:mem16	"[""both_sparse_24.bin""]"	0	0	0.0	6016	0	0.0	5888	0	true	true	true	24	ba3a1f0d984b45025c9a8ade0740d33355f430e48864bc7d83f26af579a2e510	aa6b0c5205d6fbda5fe8f62ac454aba2a502077a39a75d3cd466bcadf0a171ef	40c86d6fd986f22301ea0f50fa85c705e272d1f2aa68dd381383d239da322754
new02-ppmd-oracle-results-v1	PASS	4352d71ee8f4479c17312750d3b08f7095f0fb57737fbf55ac8877b10e0864ba	708cda945a285526610371d812e4f54725eb6baf	128	tuned/both_sparse_24.bin/order=4/mem=256MiB	tuned	both_sparse_24.bin	both_sparse_24.bin	false	24	ba3a1f0d984b45025c9a8ade0740d33355f430e48864bc7d83f26af579a2e510	4	256	0-15	175	51d2c935eef8610659122967754345a1603694f593e0c898b423be8aebd16ce5	PPMD:o4:mem16	"[""both_sparse_24.bin""]"	0	0	0.0	5888	0	0.0	5760	0	true	true	true	24	ba3a1f0d984b45025c9a8ade0740d33355f430e48864bc7d83f26af579a2e510	930ab930edfdcfa262df576fe5d604f8a864adced5e4af22d6a7f56794c10ab1	334c8f4ae3140941607d569c8d6f9da178bc9f84453647c77ae1fe5d0134f91a
new02-ppmd-oracle-results-v1	PASS	4352d71ee8f4479c17312750d3b08f7095f0fb57737fbf55ac8877b10e0864ba	708cda945a285526610371d812e4f54725eb6baf	129	tuned/both_sparse_24.bin/order=6/mem=16MiB	tuned	both_sparse_24.bin	both_sparse_24.bin	false	24	ba3a1f0d984b45025c9a8ade0740d33355f430e48864bc7d83f26af579a2e510	6	16	0-15	175	df7fe09d62ccb7711dbbdfca4c40cbc7dce544a20003dedf171bc0e075e8df11	PPMD:o6:mem16	"[""both_sparse_24.bin""]"	0	0	0.0	6016	0	0.0	5888	0	true	true	true	24	ba3a1f0d984b45025c9a8ade0740d33355f430e48864bc7d83f26af579a2e510	c002f8f50e83ef8a46430bf600b80a3af746f46adb8f4f489fd848cfd4d39078	d09701214a49072342eced70228ceb07cc88adbbdcb54bffc4d333bd81f4c783
new02-ppmd-oracle-results-v1	PASS	4352d71ee8f4479c17312750d3b08f7095f0fb57737fbf55ac8877b10e0864ba	708cda945a285526610371d812e4f54725eb6baf	130	tuned/both_sparse_24.bin/order=6/mem=64MiB	tuned	both_sparse_24.bin	both_sparse_24.bin	false	24	ba3a1f0d984b45025c9a8ade0740d33355f430e48864bc7d83f26af579a2e510	6	64	0-15	175	df7fe09d62ccb7711dbbdfca4c40cbc7dce544a20003dedf171bc0e075e8df11	PPMD:o6:mem16	"[""both_sparse_24.bin""]"	0	0	0.0	6016	0	0.0	5888	0	true	true	true	24	ba3a1f0d984b45025c9a8ade0740d33355f430e48864bc7d83f26af579a2e510	37df061a5fc99bd595c05f1740e6cbeadc7eee185df6c8215a3177cee8a635e5	8f626dea2c52346a248c03052a17bbc1c6e793b8c8821ef1311934243228bfb0
new02-ppmd-oracle-results-v1	PASS	4352d71ee8f4479c17312750d3b08f7095f0fb57737fbf55ac8877b10e0864ba	708cda945a285526610371d812e4f54725eb6baf	131	tuned/both_sparse_24.bin/order=6/mem=256MiB	tuned	both_sparse_24.bin	both_sparse_24.bin	false	24	ba3a1f0d984b45025c9a8ade0740d33355f430e48864bc7d83f26af579a2e510	6	256	0-15	175	df7fe09d62ccb7711dbbdfca4c40cbc7dce544a20003dedf171bc0e075e8df11	PPMD:o6:mem16	"[""both_sparse_24.bin""]"	0	0	0.0	5888	0	0.0	5888	0	true	true	true	24	ba3a1f0d984b45025c9a8ade0740d33355f430e48864bc7d83f26af579a2e510	7c18a899f5ce11a1904f981e9d41f39b5bc950d832b09dd8dbb2b7f9950559d0	7f283495f938cc5ede57f2af5fd6e23a8f25eafd7b01fd421255df8ce0a664a8
new02-ppmd-oracle-results-v1	PASS	4352d71ee8f4479c17312750d3b08f7095f0fb57737fbf55ac8877b10e0864ba	708cda945a285526610371d812e4f54725eb6baf	132	tuned/both_sparse_24.bin/order=8/mem=16MiB	tuned	both_sparse_24.bin	both_sparse_24.bin	false	24	ba3a1f0d984b45025c9a8ade0740d33355f430e48864bc7d83f26af579a2e510	8	16	0-15	175	53d6e818cb726ad0af9c9c0f485b03f415a668ba5821cdf3b72f353ed33932fe	PPMD:o8:mem16	"[""both_sparse_24.bin""]"	0	0	0.0	6016	0	0.0	5888	0	true	true	true	24	ba3a1f0d984b45025c9a8ade0740d33355f430e48864bc7d83f26af579a2e510	65c31fdee4cfd1ca6be3b20cac44fcd30cfae659fd65677d4a6fcb5e824396cd	fd50370c82f069ff253e7339e8d09af70e833b3b5ea911e07e9864970651c85d
new02-ppmd-oracle-results-v1	PASS	4352d71ee8f4479c17312750d3b08f7095f0fb57737fbf55ac8877b10e0864ba	708cda945a285526610371d812e4f54725eb6baf	133	tuned/both_sparse_24.bin/order=8/mem=64MiB	tuned	both_sparse_24.bin	both_sparse_24.bin	false	24	ba3a1f0d984b45025c9a8ade0740d33355f430e48864bc7d83f26af579a2e510	8	64	0-15	175	53d6e818cb726ad0af9c9c0f485b03f415a668ba5821cdf3b72f353ed33932fe	PPMD:o8:mem16	"[""both_sparse_24.bin""]"	0	0	0.0	6016	0	0.0	5888	0	true	true	true	24	ba3a1f0d984b45025c9a8ade0740d33355f430e48864bc7d83f26af579a2e510	30838a496a214f2b78e16eb895e1fc191350af69b9138d59a6696fbe152acab5	3a7b7ca61b1ef9b937650b5a097c164f7baac47e1b6c560b3b5cd266c75e43c3
new02-ppmd-oracle-results-v1	PASS	4352d71ee8f4479c17312750d3b08f7095f0fb57737fbf55ac8877b10e0864ba	708cda945a285526610371d812e4f54725eb6baf	134	tuned/both_sparse_24.bin/order=8/mem=256MiB	tuned	both_sparse_24.bin	both_sparse_24.bin	false	24	ba3a1f0d984b45025c9a8ade0740d33355f430e48864bc7d83f26af579a2e510	8	256	0-15	175	53d6e818cb726ad0af9c9c0f485b03f415a668ba5821cdf3b72f353ed33932fe	PPMD:o8:mem16	"[""both_sparse_24.bin""]"	0	0	0.0	6016	0	0.0	5888	0	true	true	true	24	ba3a1f0d984b45025c9a8ade0740d33355f430e48864bc7d83f26af579a2e510	bcf3a01cc48ae2345ef4752a7b4fb5516548790510635e4768ef8cda18c4819e	562c4d60a2f481e39d15f2e673eb8a6da9d5c952b84e9b1458130553d8067d3a
new02-ppmd-oracle-results-v1	PASS	4352d71ee8f4479c17312750d3b08f7095f0fb57737fbf55ac8877b10e0864ba	708cda945a285526610371d812e4f54725eb6baf	135	tuned/dense.bin/order=4/mem=16MiB	tuned	dense.bin	dense.bin	false	4096	a4ecb8ba6554b63d398076f1f00545c935d7b73b4e21988666185d6371c65c27	4	16	0-15	4394	6e7e506958ec8ebc3132f9ddb7b7091f7f9506a31e5d4c31bba1ad0cfb09f4b1	PPMD:o4:mem16	"[""dense.bin""]"	0	0	0.0	6016	0	0.0	6016	0	true	true	true	4096	a4ecb8ba6554b63d398076f1f00545c935d7b73b4e21988666185d6371c65c27	1544d0a6de793722e3bfae9cd895af39178688a779fc57feb54c1d26e6a955e1	37dd25ae3af012ce60f2fae2068d460f2f0a90435c4e48f6c18dc50a66347c41
new02-ppmd-oracle-results-v1	PASS	4352d71ee8f4479c17312750d3b08f7095f0fb57737fbf55ac8877b10e0864ba	708cda945a285526610371d812e4f54725eb6baf	136	tuned/dense.bin/order=4/mem=64MiB	tuned	dense.bin	dense.bin	false	4096	a4ecb8ba6554b63d398076f1f00545c935d7b73b4e21988666185d6371c65c27	4	64	0-15	4394	6e7e506958ec8ebc3132f9ddb7b7091f7f9506a31e5d4c31bba1ad0cfb09f4b1	PPMD:o4:mem16	"[""dense.bin""]"	0	0	0.0	6144	0	0.0	5888	0	true	true	true	4096	a4ecb8ba6554b63d398076f1f00545c935d7b73b4e21988666185d6371c65c27	70deee7f92ff45db6ee121d6d92fee7951d172ea83cb37ae21af8a70a8973dd0	b23c0077b10ae8c86e2bd07849d3761969bf45d33d357a4de13e63f99a97240f
new02-ppmd-oracle-results-v1	PASS	4352d71ee8f4479c17312750d3b08f7095f0fb57737fbf55ac8877b10e0864ba	708cda945a285526610371d812e4f54725eb6baf	137	tuned/dense.bin/order=4/mem=256MiB	tuned	dense.bin	dense.bin	false	4096	a4ecb8ba6554b63d398076f1f00545c935d7b73b4e21988666185d6371c65c27	4	256	0-15	4394	6e7e506958ec8ebc3132f9ddb7b7091f7f9506a31e5d4c31bba1ad0cfb09f4b1	PPMD:o4:mem16	"[""dense.bin""]"	0	0	0.0	6144	0	0.0	5888	0	true	true	true	4096	a4ecb8ba6554b63d398076f1f00545c935d7b73b4e21988666185d6371c65c27	03be29b0888e18bd6d863943904982290dfdf603dc9fe3ec19555d32fcdca300	c23cb060b1aab3d5544725a7d6739804c648f1d586bf806bce827cf0c2c8659e
new02-ppmd-oracle-results-v1	PASS	4352d71ee8f4479c17312750d3b08f7095f0fb57737fbf55ac8877b10e0864ba	708cda945a285526610371d812e4f54725eb6baf	138	tuned/dense.bin/order=6/mem=16MiB	tuned	dense.bin	dense.bin	false	4096	a4ecb8ba6554b63d398076f1f00545c935d7b73b4e21988666185d6371c65c27	6	16	0-15	4394	d5144a1c59c7af52f9f20004e1c505141dd2423f6eab336db0d79c0aeb20d58e	PPMD:o6:mem16	"[""dense.bin""]"	0	0	0.0	6016	0	0.0	5888	0	true	true	true	4096	a4ecb8ba6554b63d398076f1f00545c935d7b73b4e21988666185d6371c65c27	998bcef6f5b9beb7cd105e9166789468e304af73d3b64f527b87ed895e1be15a	c1cbc8d6128ab169048c220cd28dfdae6a19e71cb497fb35632224cf59fd1ba3
new02-ppmd-oracle-results-v1	PASS	4352d71ee8f4479c17312750d3b08f7095f0fb57737fbf55ac8877b10e0864ba	708cda945a285526610371d812e4f54725eb6baf	139	tuned/dense.bin/order=6/mem=64MiB	tuned	dense.bin	dense.bin	false	4096	a4ecb8ba6554b63d398076f1f00545c935d7b73b4e21988666185d6371c65c27	6	64	0-15	4394	d5144a1c59c7af52f9f20004e1c505141dd2423f6eab336db0d79c0aeb20d58e	PPMD:o6:mem16	"[""dense.bin""]"	0	0	0.0	6144	0	0.0	5888	0	true	true	true	4096	a4ecb8ba6554b63d398076f1f00545c935d7b73b4e21988666185d6371c65c27	851dc83d1ebac94eaf7886f9bccc3ce10814efbe4ef7b3b6b30be34a1ba08f88	7c754b0b903cbf68ee320a94a11e82f7a8da9aa05bef57a8242c4491e92c810d
new02-ppmd-oracle-results-v1	PASS	4352d71ee8f4479c17312750d3b08f7095f0fb57737fbf55ac8877b10e0864ba	708cda945a285526610371d812e4f54725eb6baf	140	tuned/dense.bin/order=6/mem=256MiB	tuned	dense.bin	dense.bin	false	4096	a4ecb8ba6554b63d398076f1f00545c935d7b73b4e21988666185d6371c65c27	6	256	0-15	4394	d5144a1c59c7af52f9f20004e1c505141dd2423f6eab336db0d79c0aeb20d58e	PPMD:o6:mem16	"[""dense.bin""]"	0	0	0.0	6016	0	0.0	6016	0	true	true	true	4096	a4ecb8ba6554b63d398076f1f00545c935d7b73b4e21988666185d6371c65c27	3a69e8b058955d265ff38576abb276b493f5eb33922d77275256f45a808998f8	41b4a5af6c09b5e997347ea2fa19670953ffe774754a61056940d7e61a0d37c4
new02-ppmd-oracle-results-v1	PASS	4352d71ee8f4479c17312750d3b08f7095f0fb57737fbf55ac8877b10e0864ba	708cda945a285526610371d812e4f54725eb6baf	141	tuned/dense.bin/order=8/mem=16MiB	tuned	dense.bin	dense.bin	false	4096	a4ecb8ba6554b63d398076f1f00545c935d7b73b4e21988666185d6371c65c27	8	16	0-15	4394	5a361e5c16353f3f51eded08cca2e6a1e4b48268f41602b9f5e1d78a77263949	PPMD:o8:mem16	"[""dense.bin""]"	0	0	0.0	6016	0	0.0	6016	0	true	true	true	4096	a4ecb8ba6554b63d398076f1f00545c935d7b73b4e21988666185d6371c65c27	35db40ce74fc2e7356b15c4ac18530b4a1bc5dc12f56613ce2f3619b17b89c9a	7479f9380af0b83a5fc1e080491346cdfb361e22e458c82261cc5cef1096cd9f
new02-ppmd-oracle-results-v1	PASS	4352d71ee8f4479c17312750d3b08f7095f0fb57737fbf55ac8877b10e0864ba	708cda945a285526610371d812e4f54725eb6baf	142	tuned/dense.bin/order=8/mem=64MiB	tuned	dense.bin	dense.bin	false	4096	a4ecb8ba6554b63d398076f1f00545c935d7b73b4e21988666185d6371c65c27	8	64	0-15	4394	5a361e5c16353f3f51eded08cca2e6a1e4b48268f41602b9f5e1d78a77263949	PPMD:o8:mem16	"[""dense.bin""]"	0	0	0.0	6144	0	0.0	6016	0	true	true	true	4096	a4ecb8ba6554b63d398076f1f00545c935d7b73b4e21988666185d6371c65c27	5a5a222fdf1a0c8040764baa2ee041c262ab6d965ec8098f73d266389d8b4afc	ece0d8a1b64a29406332432849e5de52b3a1b780a35aea0266f2e02d04003739
new02-ppmd-oracle-results-v1	PASS	4352d71ee8f4479c17312750d3b08f7095f0fb57737fbf55ac8877b10e0864ba	708cda945a285526610371d812e4f54725eb6baf	143	tuned/dense.bin/order=8/mem=256MiB	tuned	dense.bin	dense.bin	false	4096	a4ecb8ba6554b63d398076f1f00545c935d7b73b4e21988666185d6371c65c27	8	256	0-15	4394	5a361e5c16353f3f51eded08cca2e6a1e4b48268f41602b9f5e1d78a77263949	PPMD:o8:mem16	"[""dense.bin""]"	0	0	0.0	6016	0	0.0	6016	0	true	true	true	4096	a4ecb8ba6554b63d398076f1f00545c935d7b73b4e21988666185d6371c65c27	fec5be11386402d32220527bc414248f6cc30d759d2d8a3fd2e297cb3fa8f0a1	b98161de71512d3af5a7517794ed353f337668fd804bcc68788ad5767ffa1b00
new02-ppmd-oracle-results-v1	PASS	4352d71ee8f4479c17312750d3b08f7095f0fb57737fbf55ac8877b10e0864ba	708cda945a285526610371d812e4f54725eb6baf	144	tuned/log_like.bin/order=4/mem=16MiB	tuned	log_like.bin	log_like.bin	false	16384	ac4ef4845750390362797bc33af63b3a3d480f827a8b7ff54090ce1c89a9543d	4	16	0-15	579	f10626f654d0c2a7c977e0b1e99a238f82dc13f852f25c4c7989fbbdf7cfe95a	PPMD:o4:mem18	"[""log_like.bin""]"	0	0	0.0	5888	0	0.0	5888	0	true	true	true	16384	ac4ef4845750390362797bc33af63b3a3d480f827a8b7ff54090ce1c89a9543d	1d031c7420373203e9d118fb57be1070711d8035bbd7d814b19e272585bab500	dac760d2478361d715a730bead59f05801f652fdda14d51669f5e930f683eb05
new02-ppmd-oracle-results-v1	PASS	4352d71ee8f4479c17312750d3b08f7095f0fb57737fbf55ac8877b10e0864ba	708cda945a285526610371d812e4f54725eb6baf	145	tuned/log_like.bin/order=4/mem=64MiB	tuned	log_like.bin	log_like.bin	false	16384	ac4ef4845750390362797bc33af63b3a3d480f827a8b7ff54090ce1c89a9543d	4	64	0-15	579	f10626f654d0c2a7c977e0b1e99a238f82dc13f852f25c4c7989fbbdf7cfe95a	PPMD:o4:mem18	"[""log_like.bin""]"	0	0	0.0	5888	0	0.0	5888	0	true	true	true	16384	ac4ef4845750390362797bc33af63b3a3d480f827a8b7ff54090ce1c89a9543d	8286e524ba3d2b5818aecfddd28762932f9ddc7b109b558b9b81ae882905aee2	c14634dcb258791777497d690e5b3e4b89ac6d90acad7d16e049442a7cb7c5bd
new02-ppmd-oracle-results-v1	PASS	4352d71ee8f4479c17312750d3b08f7095f0fb57737fbf55ac8877b10e0864ba	708cda945a285526610371d812e4f54725eb6baf	146	tuned/log_like.bin/order=4/mem=256MiB	tuned	log_like.bin	log_like.bin	false	16384	ac4ef4845750390362797bc33af63b3a3d480f827a8b7ff54090ce1c89a9543d	4	256	0-15	579	f10626f654d0c2a7c977e0b1e99a238f82dc13f852f25c4c7989fbbdf7cfe95a	PPMD:o4:mem18	"[""log_like.bin""]"	0	0	0.0	6016	0	0.0	5760	0	true	true	true	16384	ac4ef4845750390362797bc33af63b3a3d480f827a8b7ff54090ce1c89a9543d	52d33a392998c746e5eb83c2b60628b5a177c5824c47085c5783cef46ff32789	b7f78713602085062f9cfc8e2d222db7ee07b6951c3d9086bed4af177e36044b
new02-ppmd-oracle-results-v1	PASS	4352d71ee8f4479c17312750d3b08f7095f0fb57737fbf55ac8877b10e0864ba	708cda945a285526610371d812e4f54725eb6baf	147	tuned/log_like.bin/order=6/mem=16MiB	tuned	log_like.bin	log_like.bin	false	16384	ac4ef4845750390362797bc33af63b3a3d480f827a8b7ff54090ce1c89a9543d	6	16	0-15	510	74dba0444db25fea022c549497acca4bed9f89e0a455d5689f7da2777fe780ec	PPMD:o6:mem18	"[""log_like.bin""]"	0	0	0.0	5888	0	0.0	5888	0	true	true	true	16384	ac4ef4845750390362797bc33af63b3a3d480f827a8b7ff54090ce1c89a9543d	716613d502793b82999cec2ce976e361624ecdfd481d39597b9047cd8156631c	6f2e3d95435c0c19e7cc28a393c31854017eb87709d766b4c7473f81d2bcb6ad
new02-ppmd-oracle-results-v1	PASS	4352d71ee8f4479c17312750d3b08f7095f0fb57737fbf55ac8877b10e0864ba	708cda945a285526610371d812e4f54725eb6baf	148	tuned/log_like.bin/order=6/mem=64MiB	tuned	log_like.bin	log_like.bin	false	16384	ac4ef4845750390362797bc33af63b3a3d480f827a8b7ff54090ce1c89a9543d	6	64	0-15	510	74dba0444db25fea022c549497acca4bed9f89e0a455d5689f7da2777fe780ec	PPMD:o6:mem18	"[""log_like.bin""]"	0	0	0.0	5888	0	0.0	5888	0	true	true	true	16384	ac4ef4845750390362797bc33af63b3a3d480f827a8b7ff54090ce1c89a9543d	fcbbf833c96bda8daf76f840c335afaec60bb5d2dab4f4be7d1f6f7251d7f666	fd074c4a5a11633e7a9ff59b0e77a270944636498d8b1230a88bf0ab9b52b3f1
new02-ppmd-oracle-results-v1	PASS	4352d71ee8f4479c17312750d3b08f7095f0fb57737fbf55ac8877b10e0864ba	708cda945a285526610371d812e4f54725eb6baf	149	tuned/log_like.bin/order=6/mem=256MiB	tuned	log_like.bin	log_like.bin	false	16384	ac4ef4845750390362797bc33af63b3a3d480f827a8b7ff54090ce1c89a9543d	6	256	0-15	510	74dba0444db25fea022c549497acca4bed9f89e0a455d5689f7da2777fe780ec	PPMD:o6:mem18	"[""log_like.bin""]"	0	0	0.0	5888	0	0.0	5760	0	true	true	true	16384	ac4ef4845750390362797bc33af63b3a3d480f827a8b7ff54090ce1c89a9543d	2f6125959d5c0004fe67cd2c16211c7ed6dd84489e081ab232c8af454eaa458a	9608ad6edf10e9c8289e7a7c9e05e672120f295837046842dde6d1853c117aa9
new02-ppmd-oracle-results-v1	PASS	4352d71ee8f4479c17312750d3b08f7095f0fb57737fbf55ac8877b10e0864ba	708cda945a285526610371d812e4f54725eb6baf	150	tuned/log_like.bin/order=8/mem=16MiB	tuned	log_like.bin	log_like.bin	false	16384	ac4ef4845750390362797bc33af63b3a3d480f827a8b7ff54090ce1c89a9543d	8	16	0-15	511	eedf298da45fb37baac6356453d32f9aab8b9e25d0bee329c3c66c33bab97973	PPMD:o8:mem18	"[""log_like.bin""]"	0	0	0.0	6144	0	0.0	5888	0	true	true	true	16384	ac4ef4845750390362797bc33af63b3a3d480f827a8b7ff54090ce1c89a9543d	5e0dc5e58303b6aad96ae454f47035d9f3565fba16a5d69e8593940b59120c2e	dc85fa40c8a8be56f8538f74381868039cef5fe4a5075e1d4d4d0a9bbd2ac41a
new02-ppmd-oracle-results-v1	PASS	4352d71ee8f4479c17312750d3b08f7095f0fb57737fbf55ac8877b10e0864ba	708cda945a285526610371d812e4f54725eb6baf	151	tuned/log_like.bin/order=8/mem=64MiB	tuned	log_like.bin	log_like.bin	false	16384	ac4ef4845750390362797bc33af63b3a3d480f827a8b7ff54090ce1c89a9543d	8	64	0-15	511	eedf298da45fb37baac6356453d32f9aab8b9e25d0bee329c3c66c33bab97973	PPMD:o8:mem18	"[""log_like.bin""]"	0	0	0.0	6016	0	0.0	5888	0	true	true	true	16384	ac4ef4845750390362797bc33af63b3a3d480f827a8b7ff54090ce1c89a9543d	3e8353112eba5e950da4c85139affc79884391f960803b7c11f0d3195303c1d3	a347bdd496717561982f896c69ee853eb7f0de3ae34ad1b14a217d4751f5497a
new02-ppmd-oracle-results-v1	PASS	4352d71ee8f4479c17312750d3b08f7095f0fb57737fbf55ac8877b10e0864ba	708cda945a285526610371d812e4f54725eb6baf	152	tuned/log_like.bin/order=8/mem=256MiB	tuned	log_like.bin	log_like.bin	false	16384	ac4ef4845750390362797bc33af63b3a3d480f827a8b7ff54090ce1c89a9543d	8	256	0-15	511	eedf298da45fb37baac6356453d32f9aab8b9e25d0bee329c3c66c33bab97973	PPMD:o8:mem18	"[""log_like.bin""]"	0	0	0.0	6016	0	0.0	5760	0	true	true	true	16384	ac4ef4845750390362797bc33af63b3a3d480f827a8b7ff54090ce1c89a9543d	50accdba8e377c8cf2d8440c51a989f881ec7ab250b54e1c5d0551856c2e1b80	720fd7a26a1a6a841b47a966e9419a3fa892f59aaa48fba2dfe1e43844232cd9
new02-ppmd-oracle-results-v1	PASS	4352d71ee8f4479c17312750d3b08f7095f0fb57737fbf55ac8877b10e0864ba	708cda945a285526610371d812e4f54725eb6baf	153	tuned/random_high.bin/order=4/mem=16MiB	tuned	random_high.bin	random_high.bin	false	4096	0e232e8ae9db07cc67194aa713d7a287876fec886ded19cffddb732a1094b415	4	16	0-15	4411	ab7ff9b07edc7223f40b68b7bd51c81f636e082b6332be222f01efaf1050b611	PPMD:o4:mem16	"[""random_high.bin""]"	0	0	0.0	6144	0	0.0	5888	0	true	true	true	4096	0e232e8ae9db07cc67194aa713d7a287876fec886ded19cffddb732a1094b415	cd86725000e7577d2982329c773d399524c5f019bc6cf1ab7eb4edf816c9a871	9f4054ebe232eee0bed50453366ed94b25aa501ec9100ecbceabdc07a51b6d3b
new02-ppmd-oracle-results-v1	PASS	4352d71ee8f4479c17312750d3b08f7095f0fb57737fbf55ac8877b10e0864ba	708cda945a285526610371d812e4f54725eb6baf	154	tuned/random_high.bin/order=4/mem=64MiB	tuned	random_high.bin	random_high.bin	false	4096	0e232e8ae9db07cc67194aa713d7a287876fec886ded19cffddb732a1094b415	4	64	0-15	4411	ab7ff9b07edc7223f40b68b7bd51c81f636e082b6332be222f01efaf1050b611	PPMD:o4:mem16	"[""random_high.bin""]"	0	0	0.0	6144	0	0.0	6016	0	true	true	true	4096	0e232e8ae9db07cc67194aa713d7a287876fec886ded19cffddb732a1094b415	b978d2c2e489b59a55667d48382f3d1561aefa0acc5d253553128e6dda2c2237	41cce3a948fd96c15b110aa7bdb053574ac365d58c706e38bdad16507d38736e
new02-ppmd-oracle-results-v1	PASS	4352d71ee8f4479c17312750d3b08f7095f0fb57737fbf55ac8877b10e0864ba	708cda945a285526610371d812e4f54725eb6baf	155	tuned/random_high.bin/order=4/mem=256MiB	tuned	random_high.bin	random_high.bin	false	4096	0e232e8ae9db07cc67194aa713d7a287876fec886ded19cffddb732a1094b415	4	256	0-15	4411	ab7ff9b07edc7223f40b68b7bd51c81f636e082b6332be222f01efaf1050b611	PPMD:o4:mem16	"[""random_high.bin""]"	0	0	0.0	6144	0	0.0	6016	0	true	true	true	4096	0e232e8ae9db07cc67194aa713d7a287876fec886ded19cffddb732a1094b415	0c04031aabb343391a5d9db75f14fd075ad7a7a8075c5a1b35c71edeffe043c6	7f54c03b6313f30b75e28eda97d07852c197b6c31ddede36fdc6ab128b0c279b
new02-ppmd-oracle-results-v1	PASS	4352d71ee8f4479c17312750d3b08f7095f0fb57737fbf55ac8877b10e0864ba	708cda945a285526610371d812e4f54725eb6baf	156	tuned/random_high.bin/order=6/mem=16MiB	tuned	random_high.bin	random_high.bin	false	4096	0e232e8ae9db07cc67194aa713d7a287876fec886ded19cffddb732a1094b415	6	16	0-15	4411	4e3338cc7bb9c2b51cf1c910e73e611731e11f461ff3b5af51da205938207045	PPMD:o6:mem16	"[""random_high.bin""]"	0	0	0.0	6016	0	0.0	5888	0	true	true	true	4096	0e232e8ae9db07cc67194aa713d7a287876fec886ded19cffddb732a1094b415	d7796c8adebe847e21c9a7fd41d2d9a014695c7f32d3a27f2bbae6dd6c63fae8	e09389df807b9f6132d90e1fb323a00d86e6f3a2dd1ba0ccc6f7f111fe1a1489
new02-ppmd-oracle-results-v1	PASS	4352d71ee8f4479c17312750d3b08f7095f0fb57737fbf55ac8877b10e0864ba	708cda945a285526610371d812e4f54725eb6baf	157	tuned/random_high.bin/order=6/mem=64MiB	tuned	random_high.bin	random_high.bin	false	4096	0e232e8ae9db07cc67194aa713d7a287876fec886ded19cffddb732a1094b415	6	64	0-15	4411	4e3338cc7bb9c2b51cf1c910e73e611731e11f461ff3b5af51da205938207045	PPMD:o6:mem16	"[""random_high.bin""]"	0	0	0.0	6144	0	0.0	6016	0	true	true	true	4096	0e232e8ae9db07cc67194aa713d7a287876fec886ded19cffddb732a1094b415	a6cabd9293e65cad0a60143e0d6442956bf77be5b9e69ad3a4f56c0b7c18fa36	813b72586c457570f967e61ac7e0dd9d84abdb19a249c561565ad1ff81a1e3b7
new02-ppmd-oracle-results-v1	PASS	4352d71ee8f4479c17312750d3b08f7095f0fb57737fbf55ac8877b10e0864ba	708cda945a285526610371d812e4f54725eb6baf	158	tuned/random_high.bin/order=6/mem=256MiB	tuned	random_high.bin	random_high.bin	false	4096	0e232e8ae9db07cc67194aa713d7a287876fec886ded19cffddb732a1094b415	6	256	0-15	4411	4e3338cc7bb9c2b51cf1c910e73e611731e11f461ff3b5af51da205938207045	PPMD:o6:mem16	"[""random_high.bin""]"	0	0	0.0	6144	0	0.0	6016	0	true	true	true	4096	0e232e8ae9db07cc67194aa713d7a287876fec886ded19cffddb732a1094b415	d69f87ca0ee511ce53a7dfa08f96d4901f0b36d363418aa642faa6d76ed60aed	aa3a176a2727e6eebaef731d1990651f126535c345f1ec5e722d2e6e1d27e278
new02-ppmd-oracle-results-v1	PASS	4352d71ee8f4479c17312750d3b08f7095f0fb57737fbf55ac8877b10e0864ba	708cda945a285526610371d812e4f54725eb6baf	159	tuned/random_high.bin/order=8/mem=16MiB	tuned	random_high.bin	random_high.bin	false	4096	0e232e8ae9db07cc67194aa713d7a287876fec886ded19cffddb732a1094b415	8	16	0-15	4411	916ce30ce006ce185e65f9eb9eb9c4e0fe0ad12f88ed020b77c38f5a88a8a806	PPMD:o8:mem16	"[""random_high.bin""]"	0	0	0.0	6016	0	0.0	6016	0	true	true	true	4096	0e232e8ae9db07cc67194aa713d7a287876fec886ded19cffddb732a1094b415	2299a3b6539487b50cf7668304fc15039620d086a231f8d5645accf195df59aa	2555f9c7e219c74e9f32aaa6e4a8b63725c937d5a1fbb7c606972d3bcec64d5f
new02-ppmd-oracle-results-v1	PASS	4352d71ee8f4479c17312750d3b08f7095f0fb57737fbf55ac8877b10e0864ba	708cda945a285526610371d812e4f54725eb6baf	160	tuned/random_high.bin/order=8/mem=64MiB	tuned	random_high.bin	random_high.bin	false	4096	0e232e8ae9db07cc67194aa713d7a287876fec886ded19cffddb732a1094b415	8	64	0-15	4411	916ce30ce006ce185e65f9eb9eb9c4e0fe0ad12f88ed020b77c38f5a88a8a806	PPMD:o8:mem16	"[""random_high.bin""]"	0	0	0.0	6144	0	0.0	5888	0	true	true	true	4096	0e232e8ae9db07cc67194aa713d7a287876fec886ded19cffddb732a1094b415	cc2ea1a00e781b13ec825a86ef0d9590cc693a500d063da8cda58c0cb091214c	b7d0a99c1c8854b77f390092c26f52f842057ca83f0e123276d3882ef0dec0c5
new02-ppmd-oracle-results-v1	PASS	4352d71ee8f4479c17312750d3b08f7095f0fb57737fbf55ac8877b10e0864ba	708cda945a285526610371d812e4f54725eb6baf	161	tuned/random_high.bin/order=8/mem=256MiB	tuned	random_high.bin	random_high.bin	false	4096	0e232e8ae9db07cc67194aa713d7a287876fec886ded19cffddb732a1094b415	8	256	0-15	4411	916ce30ce006ce185e65f9eb9eb9c4e0fe0ad12f88ed020b77c38f5a88a8a806	PPMD:o8:mem16	"[""random_high.bin""]"	0	0	0.0	6144	0	0.0	5888	0	true	true	true	4096	0e232e8ae9db07cc67194aa713d7a287876fec886ded19cffddb732a1094b415	73c3d67b184df46f1f1aabb76cb515085818119c3fddb882716a424b539f00da	e14eeeda43ff558a16d0b2c55176c881b1465af5adeae2a653db9d0653e7147d
new02-ppmd-oracle-results-v1	PASS	4352d71ee8f4479c17312750d3b08f7095f0fb57737fbf55ac8877b10e0864ba	708cda945a285526610371d812e4f54725eb6baf	162	tuned/sparse_clustered.bin/order=4/mem=16MiB	tuned	sparse_clustered.bin	sparse_clustered.bin	false	2048	d11533a77218a34e56285bf0df004ac06e845319e1ca07cb8d65f0911d75f7ce	4	16	0-15	244	4d3700c6606704cf476573ecec4c053f96c5c12d2aa628445a70d056883bbdfe	PPMD:o4:mem16	"[""sparse_clustered.bin""]"	0	0	0.0	6016	0	0.0	5760	0	true	true	true	2048	d11533a77218a34e56285bf0df004ac06e845319e1ca07cb8d65f0911d75f7ce	b7bbaae319f669807976aca991d2e37890194c952bee773e5ddc6312b09cad47	179efe328b8a3c9c66ab1f8f1bbc3cd7e10c1a1364307d8f73a9b4b6711aed1a
new02-ppmd-oracle-results-v1	PASS	4352d71ee8f4479c17312750d3b08f7095f0fb57737fbf55ac8877b10e0864ba	708cda945a285526610371d812e4f54725eb6baf	163	tuned/sparse_clustered.bin/order=4/mem=64MiB	tuned	sparse_clustered.bin	sparse_clustered.bin	false	2048	d11533a77218a34e56285bf0df004ac06e845319e1ca07cb8d65f0911d75f7ce	4	64	0-15	244	4d3700c6606704cf476573ecec4c053f96c5c12d2aa628445a70d056883bbdfe	PPMD:o4:mem16	"[""sparse_clustered.bin""]"	0	0	0.0	6016	0	0.0	5888	0	true	true	true	2048	d11533a77218a34e56285bf0df004ac06e845319e1ca07cb8d65f0911d75f7ce	19daa84d8c9602d53123411c67ba58c1aa78e7e176334ded0234cb452a23e3e8	d2fd4a4d36a8923f44f56f1a219ceee97eee91e2b0aad3614278c14f2776dc06
new02-ppmd-oracle-results-v1	PASS	4352d71ee8f4479c17312750d3b08f7095f0fb57737fbf55ac8877b10e0864ba	708cda945a285526610371d812e4f54725eb6baf	164	tuned/sparse_clustered.bin/order=4/mem=256MiB	tuned	sparse_clustered.bin	sparse_clustered.bin	false	2048	d11533a77218a34e56285bf0df004ac06e845319e1ca07cb8d65f0911d75f7ce	4	256	0-15	244	4d3700c6606704cf476573ecec4c053f96c5c12d2aa628445a70d056883bbdfe	PPMD:o4:mem16	"[""sparse_clustered.bin""]"	0	0	0.0	5888	0	0.0	5888	0	true	true	true	2048	d11533a77218a34e56285bf0df004ac06e845319e1ca07cb8d65f0911d75f7ce	f883ecc4edf58e95c50063d1cf843cfa366fc96f0fcee39b76de5faf7093eb6d	b58273440fb6a5702fd9d31c656e8a4604ae43c8c8a79282037d479b7307fd2f
new02-ppmd-oracle-results-v1	PASS	4352d71ee8f4479c17312750d3b08f7095f0fb57737fbf55ac8877b10e0864ba	708cda945a285526610371d812e4f54725eb6baf	165	tuned/sparse_clustered.bin/order=6/mem=16MiB	tuned	sparse_clustered.bin	sparse_clustered.bin	false	2048	d11533a77218a34e56285bf0df004ac06e845319e1ca07cb8d65f0911d75f7ce	6	16	0-15	249	1c1de54c877260f531ca1b78af43f1d31a74a1f9d7c1323178e36153e1d4d270	PPMD:o6:mem16	"[""sparse_clustered.bin""]"	0	0	0.0	6016	0	0.0	5760	0	true	true	true	2048	d11533a77218a34e56285bf0df004ac06e845319e1ca07cb8d65f0911d75f7ce	3d1f8680acf0ba15df31cbe7c132c7e6d649e3acc9f19e53fb29b89f911521e4	7c18391017d2bb7db6aff1a9160d1ba71719eb4cc37ee85850e947ea573f36d9
new02-ppmd-oracle-results-v1	PASS	4352d71ee8f4479c17312750d3b08f7095f0fb57737fbf55ac8877b10e0864ba	708cda945a285526610371d812e4f54725eb6baf	166	tuned/sparse_clustered.bin/order=6/mem=64MiB	tuned	sparse_clustered.bin	sparse_clustered.bin	false	2048	d11533a77218a34e56285bf0df004ac06e845319e1ca07cb8d65f0911d75f7ce	6	64	0-15	249	1c1de54c877260f531ca1b78af43f1d31a74a1f9d7c1323178e36153e1d4d270	PPMD:o6:mem16	"[""sparse_clustered.bin""]"	0	0	0.0	6016	0	0.0	5760	0	true	true	true	2048	d11533a77218a34e56285bf0df004ac06e845319e1ca07cb8d65f0911d75f7ce	f578e1e9158c16aefafc321ad7d6843612273a2802e67ecb5a1846580d65af47	fe2c5ebb10886a39586d4d7084fbd562c99b74065836f921b34809586eb2761b
new02-ppmd-oracle-results-v1	PASS	4352d71ee8f4479c17312750d3b08f7095f0fb57737fbf55ac8877b10e0864ba	708cda945a285526610371d812e4f54725eb6baf	167	tuned/sparse_clustered.bin/order=6/mem=256MiB	tuned	sparse_clustered.bin	sparse_clustered.bin	false	2048	d11533a77218a34e56285bf0df004ac06e845319e1ca07cb8d65f0911d75f7ce	6	256	0-15	249	1c1de54c877260f531ca1b78af43f1d31a74a1f9d7c1323178e36153e1d4d270	PPMD:o6:mem16	"[""sparse_clustered.bin""]"	0	0	0.0	5888	0	0.0	5888	0	true	true	true	2048	d11533a77218a34e56285bf0df004ac06e845319e1ca07cb8d65f0911d75f7ce	ddc72a637cee63f34b2a4e0e9e067de1180fbe4752378db2acb70c312999033e	2d2bc97ec1f6ab19295ccb3dc6a9630777f60fdc4dcbf14f55949a9f4beb319d
new02-ppmd-oracle-results-v1	PASS	4352d71ee8f4479c17312750d3b08f7095f0fb57737fbf55ac8877b10e0864ba	708cda945a285526610371d812e4f54725eb6baf	168	tuned/sparse_clustered.bin/order=8/mem=16MiB	tuned	sparse_clustered.bin	sparse_clustered.bin	false	2048	d11533a77218a34e56285bf0df004ac06e845319e1ca07cb8d65f0911d75f7ce	8	16	0-15	253	ca95988bad2724c0c2e955e5d5bfa0bff18dba9229fef70122dfb7e299d01a51	PPMD:o8:mem16	"[""sparse_clustered.bin""]"	0	0	0.0	6016	0	0.0	5888	0	true	true	true	2048	d11533a77218a34e56285bf0df004ac06e845319e1ca07cb8d65f0911d75f7ce	b0c7cfc3a41b21883f3f77a79713b22e2a15d0bb247ecbe2c5594c1e65450c8b	15547668a30020e899e9e81c8d2a198b1892b2d62e04790ea68ebe162aed73d6
new02-ppmd-oracle-results-v1	PASS	4352d71ee8f4479c17312750d3b08f7095f0fb57737fbf55ac8877b10e0864ba	708cda945a285526610371d812e4f54725eb6baf	169	tuned/sparse_clustered.bin/order=8/mem=64MiB	tuned	sparse_clustered.bin	sparse_clustered.bin	false	2048	d11533a77218a34e56285bf0df004ac06e845319e1ca07cb8d65f0911d75f7ce	8	64	0-15	253	ca95988bad2724c0c2e955e5d5bfa0bff18dba9229fef70122dfb7e299d01a51	PPMD:o8:mem16	"[""sparse_clustered.bin""]"	0	0	0.0	5888	0	0.0	5888	0	true	true	true	2048	d11533a77218a34e56285bf0df004ac06e845319e1ca07cb8d65f0911d75f7ce	af1edf312ebe8ed281c90a31d51f641bb8a26162b00f2f511ce0ccdada07bc1e	24e97926311a500444e2eda6292cda3568430db8badcace7e8755cb8177face0
new02-ppmd-oracle-results-v1	PASS	4352d71ee8f4479c17312750d3b08f7095f0fb57737fbf55ac8877b10e0864ba	708cda945a285526610371d812e4f54725eb6baf	170	tuned/sparse_clustered.bin/order=8/mem=256MiB	tuned	sparse_clustered.bin	sparse_clustered.bin	false	2048	d11533a77218a34e56285bf0df004ac06e845319e1ca07cb8d65f0911d75f7ce	8	256	0-15	253	ca95988bad2724c0c2e955e5d5bfa0bff18dba9229fef70122dfb7e299d01a51	PPMD:o8:mem16	"[""sparse_clustered.bin""]"	0	0	0.0	5888	0	0.0	5760	0	true	true	true	2048	d11533a77218a34e56285bf0df004ac06e845319e1ca07cb8d65f0911d75f7ce	0c25b1fc638519bfd97c43ed6e080430284bb568f131facd44b3ef5aa9fe7e1e	7376cb95c52e6953c6eda640a8e1e8fafb7f541e84ba04a16f0daea180dfdf5e
new02-ppmd-oracle-results-v1	PASS	4352d71ee8f4479c17312750d3b08f7095f0fb57737fbf55ac8877b10e0864ba	708cda945a285526610371d812e4f54725eb6baf	171	tuned/sparse_small.bin/order=4/mem=16MiB	tuned	sparse_small.bin	sparse_small.bin	false	256	8c23d37b2230be9754c446b6cdef385fb4eb7dcac874905fcbb2e25b6f05672c	4	16	0-15	164	bcaa261bfe93d89ee364ad6a350da6ccd6b9ee303434b290421d9b22a40c0e57	PPMD:o4:mem16	"[""sparse_small.bin""]"	0	0	0.0	6016	0	0.0	5888	0	true	true	true	256	8c23d37b2230be9754c446b6cdef385fb4eb7dcac874905fcbb2e25b6f05672c	d44f757f4410908abcaa89a6c1609362515ffba3a2baf8f484e465ce3280f4fc	18fa002eb3a811d9cb227fcdec402a655273730df2211bb59f89525cda96540d
new02-ppmd-oracle-results-v1	PASS	4352d71ee8f4479c17312750d3b08f7095f0fb57737fbf55ac8877b10e0864ba	708cda945a285526610371d812e4f54725eb6baf	172	tuned/sparse_small.bin/order=4/mem=64MiB	tuned	sparse_small.bin	sparse_small.bin	false	256	8c23d37b2230be9754c446b6cdef385fb4eb7dcac874905fcbb2e25b6f05672c	4	64	0-15	164	bcaa261bfe93d89ee364ad6a350da6ccd6b9ee303434b290421d9b22a40c0e57	PPMD:o4:mem16	"[""sparse_small.bin""]"	0	0	0.0	6016	0	0.0	5888	0	true	true	true	256	8c23d37b2230be9754c446b6cdef385fb4eb7dcac874905fcbb2e25b6f05672c	de8e910fc01c2c59ba87a42fef06b052ff95036270f579e2429e4a0c7232ed58	6e13def09a6160bd1265e0fe2ae115e974e7bcc7c565593a2d6a912e880c2c45
new02-ppmd-oracle-results-v1	PASS	4352d71ee8f4479c17312750d3b08f7095f0fb57737fbf55ac8877b10e0864ba	708cda945a285526610371d812e4f54725eb6baf	173	tuned/sparse_small.bin/order=4/mem=256MiB	tuned	sparse_small.bin	sparse_small.bin	false	256	8c23d37b2230be9754c446b6cdef385fb4eb7dcac874905fcbb2e25b6f05672c	4	256	0-15	164	bcaa261bfe93d89ee364ad6a350da6ccd6b9ee303434b290421d9b22a40c0e57	PPMD:o4:mem16	"[""sparse_small.bin""]"	0	0	0.0	6016	0	0.0	5888	0	true	true	true	256	8c23d37b2230be9754c446b6cdef385fb4eb7dcac874905fcbb2e25b6f05672c	da56097be1a3e93a1e61b264d3590a47c5e2dd10b8e01aea3dc3c47ac649b990	218432e0a943d32d31e6587663aa5693adecd955a908e6b8dd016efca3dc2b35
new02-ppmd-oracle-results-v1	PASS	4352d71ee8f4479c17312750d3b08f7095f0fb57737fbf55ac8877b10e0864ba	708cda945a285526610371d812e4f54725eb6baf	174	tuned/sparse_small.bin/order=6/mem=16MiB	tuned	sparse_small.bin	sparse_small.bin	false	256	8c23d37b2230be9754c446b6cdef385fb4eb7dcac874905fcbb2e25b6f05672c	6	16	0-15	165	c98be0ffe74ae26c148381b0c2fa06036528bdabbc7fd8f40ebe7768a415ed35	PPMD:o6:mem16	"[""sparse_small.bin""]"	0	0	0.0	5888	0	0.0	5760	0	true	true	true	256	8c23d37b2230be9754c446b6cdef385fb4eb7dcac874905fcbb2e25b6f05672c	ce430f8af4474c2091c85e89caf46d2e3952f2cfb69d2d341ba9a3ed5bea904e	f10869a19a7d8478c9c86dde2e7941c715a0b3356cf68abb78d433bb5b75b347
new02-ppmd-oracle-results-v1	PASS	4352d71ee8f4479c17312750d3b08f7095f0fb57737fbf55ac8877b10e0864ba	708cda945a285526610371d812e4f54725eb6baf	175	tuned/sparse_small.bin/order=6/mem=64MiB	tuned	sparse_small.bin	sparse_small.bin	false	256	8c23d37b2230be9754c446b6cdef385fb4eb7dcac874905fcbb2e25b6f05672c	6	64	0-15	165	c98be0ffe74ae26c148381b0c2fa06036528bdabbc7fd8f40ebe7768a415ed35	PPMD:o6:mem16	"[""sparse_small.bin""]"	0	0	0.0	5888	0	0.0	5760	0	true	true	true	256	8c23d37b2230be9754c446b6cdef385fb4eb7dcac874905fcbb2e25b6f05672c	34c3a16672c6b6373f81ad790b86ff9200d7bea93ee9614523fed12ccdb3a3bc	b66fbd12b59f5d61d59fd8b8d018c8eca3bde3895760a107c6dbb4e94e788658
new02-ppmd-oracle-results-v1	PASS	4352d71ee8f4479c17312750d3b08f7095f0fb57737fbf55ac8877b10e0864ba	708cda945a285526610371d812e4f54725eb6baf	176	tuned/sparse_small.bin/order=6/mem=256MiB	tuned	sparse_small.bin	sparse_small.bin	false	256	8c23d37b2230be9754c446b6cdef385fb4eb7dcac874905fcbb2e25b6f05672c	6	256	0-15	165	c98be0ffe74ae26c148381b0c2fa06036528bdabbc7fd8f40ebe7768a415ed35	PPMD:o6:mem16	"[""sparse_small.bin""]"	0	0	0.0	6016	0	0.0	5760	0	true	true	true	256	8c23d37b2230be9754c446b6cdef385fb4eb7dcac874905fcbb2e25b6f05672c	3e7b600c54c5c3b78c8d1e499ca5ef6203a0d04d3db750876365a7395a5598c5	a262fb55b089c39af8b4efec3f042657bf3d2021cc2087df3bf18241917cfe0f
new02-ppmd-oracle-results-v1	PASS	4352d71ee8f4479c17312750d3b08f7095f0fb57737fbf55ac8877b10e0864ba	708cda945a285526610371d812e4f54725eb6baf	177	tuned/sparse_small.bin/order=8/mem=16MiB	tuned	sparse_small.bin	sparse_small.bin	false	256	8c23d37b2230be9754c446b6cdef385fb4eb7dcac874905fcbb2e25b6f05672c	8	16	0-15	165	afd13532145ae901233dba658dd4bd9933c44a1dcb5794afb1700e4ce8c95f5d	PPMD:o8:mem16	"[""sparse_small.bin""]"	0	0	0.0	6016	0	0.0	5760	0	true	true	true	256	8c23d37b2230be9754c446b6cdef385fb4eb7dcac874905fcbb2e25b6f05672c	6c8d279d82877222f42e9bed50acd221c493f06bac2cc5fde96c4f4138b517b8	9faa5ea3261485880f57011c697797f0527d708e6c216fd9c30d0074dd59f00a
new02-ppmd-oracle-results-v1	PASS	4352d71ee8f4479c17312750d3b08f7095f0fb57737fbf55ac8877b10e0864ba	708cda945a285526610371d812e4f54725eb6baf	178	tuned/sparse_small.bin/order=8/mem=64MiB	tuned	sparse_small.bin	sparse_small.bin	false	256	8c23d37b2230be9754c446b6cdef385fb4eb7dcac874905fcbb2e25b6f05672c	8	64	0-15	165	afd13532145ae901233dba658dd4bd9933c44a1dcb5794afb1700e4ce8c95f5d	PPMD:o8:mem16	"[""sparse_small.bin""]"	0	0	0.0	6016	0	0.0	5760	0	true	true	true	256	8c23d37b2230be9754c446b6cdef385fb4eb7dcac874905fcbb2e25b6f05672c	9e0606305e51c371e7bb138dccd8198bdfdacd334817b1f18b642e01c596c09f	4cd622ed56199a527f68c423c1e1f3af846b5f9ff0414461f422382ac5e8653a
new02-ppmd-oracle-results-v1	PASS	4352d71ee8f4479c17312750d3b08f7095f0fb57737fbf55ac8877b10e0864ba	708cda945a285526610371d812e4f54725eb6baf	179	tuned/sparse_small.bin/order=8/mem=256MiB	tuned	sparse_small.bin	sparse_small.bin	false	256	8c23d37b2230be9754c446b6cdef385fb4eb7dcac874905fcbb2e25b6f05672c	8	256	0-15	165	afd13532145ae901233dba658dd4bd9933c44a1dcb5794afb1700e4ce8c95f5d	PPMD:o8:mem16	"[""sparse_small.bin""]"	0	0	0.0	5888	0	0.0	5760	0	true	true	true	256	8c23d37b2230be9754c446b6cdef385fb4eb7dcac874905fcbb2e25b6f05672c	bec7c536e245507299de8121bf4aae0ace36de0d66ff6933a6db96cbdc7c6aae	0aa9b7ae2f7ba1b11ace57db6d29ac16ffae95b81c3ffcd0125655670bb578d6
new02-ppmd-oracle-results-v1	PASS	4352d71ee8f4479c17312750d3b08f7095f0fb57737fbf55ac8877b10e0864ba	708cda945a285526610371d812e4f54725eb6baf	180	tuned/text.bin/order=4/mem=16MiB	tuned	text.bin	text.bin	false	16384	0160b7a1b4311fa6b273b63125f8cff4603205d8dc7fcc7cf9186691570c5415	4	16	0-15	1302	4a61c5b3db85428744e0a28557c5427b2a248aee3daf4c8a389aa76420a52c76	PPMD:o4:mem18	"[""text.bin""]"	0	0	0.0	6016	0	0.0	5760	0	true	true	true	16384	0160b7a1b4311fa6b273b63125f8cff4603205d8dc7fcc7cf9186691570c5415	43664143b919b8a4dd6d1fe968785b6d796c27ed8ea2f3bd3390050afe9f95bd	d9b7060bd2b87091f511ead2ad948940682e38db33b79a4cf7999b969ca3099e
new02-ppmd-oracle-results-v1	PASS	4352d71ee8f4479c17312750d3b08f7095f0fb57737fbf55ac8877b10e0864ba	708cda945a285526610371d812e4f54725eb6baf	181	tuned/text.bin/order=4/mem=64MiB	tuned	text.bin	text.bin	false	16384	0160b7a1b4311fa6b273b63125f8cff4603205d8dc7fcc7cf9186691570c5415	4	64	0-15	1302	4a61c5b3db85428744e0a28557c5427b2a248aee3daf4c8a389aa76420a52c76	PPMD:o4:mem18	"[""text.bin""]"	0	0	0.0	6144	0	0.0	5760	0	true	true	true	16384	0160b7a1b4311fa6b273b63125f8cff4603205d8dc7fcc7cf9186691570c5415	1e4ff8c9c3bb71070fa001c80b982d00488f75e9690f7a1699b43bd547a00c0a	9d96ede3cd06e1c25441b572308086099a79cc7a4bbe54c10a1b1366c025a10e
new02-ppmd-oracle-results-v1	PASS	4352d71ee8f4479c17312750d3b08f7095f0fb57737fbf55ac8877b10e0864ba	708cda945a285526610371d812e4f54725eb6baf	182	tuned/text.bin/order=4/mem=256MiB	tuned	text.bin	text.bin	false	16384	0160b7a1b4311fa6b273b63125f8cff4603205d8dc7fcc7cf9186691570c5415	4	256	0-15	1302	4a61c5b3db85428744e0a28557c5427b2a248aee3daf4c8a389aa76420a52c76	PPMD:o4:mem18	"[""text.bin""]"	0	0	0.0	6016	0	0.0	5888	0	true	true	true	16384	0160b7a1b4311fa6b273b63125f8cff4603205d8dc7fcc7cf9186691570c5415	e62babaf489c94c4d4aee05c2d2aafcc66c8b299624e46146c54f2d8af60566c	fc3a59f137eb692115d3cabbf16d3cdaeae5dc842240d71e297df250dd8b9b41
new02-ppmd-oracle-results-v1	PASS	4352d71ee8f4479c17312750d3b08f7095f0fb57737fbf55ac8877b10e0864ba	708cda945a285526610371d812e4f54725eb6baf	183	tuned/text.bin/order=6/mem=16MiB	tuned	text.bin	text.bin	false	16384	0160b7a1b4311fa6b273b63125f8cff4603205d8dc7fcc7cf9186691570c5415	6	16	0-15	1298	63930f892a6139a94af57522325ebfc93d81cafaafa811079c43ed3dde195a2d	PPMD:o6:mem18	"[""text.bin""]"	0	0	0.0	6144	0	0.0	6016	0	true	true	true	16384	0160b7a1b4311fa6b273b63125f8cff4603205d8dc7fcc7cf9186691570c5415	776f6bccaccf97952cf1ff67328d4da36a36b9edadd2f8a24526704dec940903	0e505647ff7eafc3da1bb02ba9e883a8e55762e4fa0be1744eaef382504a1b9d
new02-ppmd-oracle-results-v1	PASS	4352d71ee8f4479c17312750d3b08f7095f0fb57737fbf55ac8877b10e0864ba	708cda945a285526610371d812e4f54725eb6baf	184	tuned/text.bin/order=6/mem=64MiB	tuned	text.bin	text.bin	false	16384	0160b7a1b4311fa6b273b63125f8cff4603205d8dc7fcc7cf9186691570c5415	6	64	0-15	1298	63930f892a6139a94af57522325ebfc93d81cafaafa811079c43ed3dde195a2d	PPMD:o6:mem18	"[""text.bin""]"	0	0	0.0	6144	0	0.0	5888	0	true	true	true	16384	0160b7a1b4311fa6b273b63125f8cff4603205d8dc7fcc7cf9186691570c5415	f1fe2af1a9d0c88a8f0e4cf53d4f2a8ba763f5da16370aa3367dccc937c7ebad	7352b0a82bc10d7429697c227475fc5f0c65665719afe5dbb642dba5596a6205
new02-ppmd-oracle-results-v1	PASS	4352d71ee8f4479c17312750d3b08f7095f0fb57737fbf55ac8877b10e0864ba	708cda945a285526610371d812e4f54725eb6baf	185	tuned/text.bin/order=6/mem=256MiB	tuned	text.bin	text.bin	false	16384	0160b7a1b4311fa6b273b63125f8cff4603205d8dc7fcc7cf9186691570c5415	6	256	0-15	1298	63930f892a6139a94af57522325ebfc93d81cafaafa811079c43ed3dde195a2d	PPMD:o6:mem18	"[""text.bin""]"	0	0	0.0	6016	0	0.0	6016	0	true	true	true	16384	0160b7a1b4311fa6b273b63125f8cff4603205d8dc7fcc7cf9186691570c5415	97b84bf822e678f6640482b9c96e7b34c9a90e5f5ebed27623a13c11951f4c3f	9f35b806f66b968e521c7ae63b6fb73dbc7570674df99b3c515e956b67f0ff10
new02-ppmd-oracle-results-v1	PASS	4352d71ee8f4479c17312750d3b08f7095f0fb57737fbf55ac8877b10e0864ba	708cda945a285526610371d812e4f54725eb6baf	186	tuned/text.bin/order=8/mem=16MiB	tuned	text.bin	text.bin	false	16384	0160b7a1b4311fa6b273b63125f8cff4603205d8dc7fcc7cf9186691570c5415	8	16	0-15	1362	eb405c078f9f59e01a5e891d59c36f8280a51265a18e7d84750e4fb99c57e44f	PPMD:o8:mem18	"[""text.bin""]"	0	0	0.0	6144	0	0.0	6016	0	true	true	true	16384	0160b7a1b4311fa6b273b63125f8cff4603205d8dc7fcc7cf9186691570c5415	f1bb5abb497c612a5942886487236c97b6fc852f71caaa793282275dc40c5c13	763484d7069d6514111627be8268ccc9f0052615686ad0cbfa40c2528e2880df
new02-ppmd-oracle-results-v1	PASS	4352d71ee8f4479c17312750d3b08f7095f0fb57737fbf55ac8877b10e0864ba	708cda945a285526610371d812e4f54725eb6baf	187	tuned/text.bin/order=8/mem=64MiB	tuned	text.bin	text.bin	false	16384	0160b7a1b4311fa6b273b63125f8cff4603205d8dc7fcc7cf9186691570c5415	8	64	0-15	1362	eb405c078f9f59e01a5e891d59c36f8280a51265a18e7d84750e4fb99c57e44f	PPMD:o8:mem18	"[""text.bin""]"	0	0	0.0	6144	0	0.0	5888	0	true	true	true	16384	0160b7a1b4311fa6b273b63125f8cff4603205d8dc7fcc7cf9186691570c5415	456d345d6ea9125567af257822175faf4c6f23c291195292c2a113868a3d2397	d9bbcc53155448259c7a5d2e505f79356ca3cf6fac0a5fc8280435c38f16dc37
new02-ppmd-oracle-results-v1	PASS	4352d71ee8f4479c17312750d3b08f7095f0fb57737fbf55ac8877b10e0864ba	708cda945a285526610371d812e4f54725eb6baf	188	tuned/text.bin/order=8/mem=256MiB	tuned	text.bin	text.bin	false	16384	0160b7a1b4311fa6b273b63125f8cff4603205d8dc7fcc7cf9186691570c5415	8	256	0-15	1362	eb405c078f9f59e01a5e891d59c36f8280a51265a18e7d84750e4fb99c57e44f	PPMD:o8:mem18	"[""text.bin""]"	0	0	0.0	6144	0	0.0	6016	0	true	true	true	16384	0160b7a1b4311fa6b273b63125f8cff4603205d8dc7fcc7cf9186691570c5415	63dd909fc82ab00861b31433de01958524b96d6291e7479f000b82704c1608a4	cc41d5a1c24a88c4c1bad4fd9bafb96962efc55aa558fd68eee57ab0a280ba61
new02-ppmd-oracle-results-v1	PASS	4352d71ee8f4479c17312750d3b08f7095f0fb57737fbf55ac8877b10e0864ba	708cda945a285526610371d812e4f54725eb6baf	189	holdout/rust_src.rs/order=4/mem=16MiB	holdout	rust_src.rs	rust_src.rs	false	26805	27230e0c7ad1eb2b163b320debffbc4f5660d45ec931cdd3ffbe5cf3d7b13eb0	4	16	0-15	6176	9d8d1eeda1fe228dbe7b546c28e62057210c8f62afcc8940548cde7e3ed31d70	PPMD:o4:mem19	"[""rust_src.rs""]"	0	0	0.0	6144	0	0.0	6016	0	true	true	true	26805	27230e0c7ad1eb2b163b320debffbc4f5660d45ec931cdd3ffbe5cf3d7b13eb0	d2d861bc2ac5a9e80a2aff545ea1f119aa5eb66a7011c8a21710afd6e6d00700	f585fcfbe921fb9db7a0e2dbd082db5816f38d0a965362af26f905beab0fe0db
new02-ppmd-oracle-results-v1	PASS	4352d71ee8f4479c17312750d3b08f7095f0fb57737fbf55ac8877b10e0864ba	708cda945a285526610371d812e4f54725eb6baf	190	holdout/rust_src.rs/order=4/mem=64MiB	holdout	rust_src.rs	rust_src.rs	false	26805	27230e0c7ad1eb2b163b320debffbc4f5660d45ec931cdd3ffbe5cf3d7b13eb0	4	64	0-15	6176	9d8d1eeda1fe228dbe7b546c28e62057210c8f62afcc8940548cde7e3ed31d70	PPMD:o4:mem19	"[""rust_src.rs""]"	0	0	0.0	6144	0	0.0	6016	0	true	true	true	26805	27230e0c7ad1eb2b163b320debffbc4f5660d45ec931cdd3ffbe5cf3d7b13eb0	015c31b856214cc962399550d1019ccd5d32ef082e1c276e324701cdcd2c30cf	c83bb15827c344be644817340a13cd95f1bff934f530109404a25bf755fc7d8a
new02-ppmd-oracle-results-v1	PASS	4352d71ee8f4479c17312750d3b08f7095f0fb57737fbf55ac8877b10e0864ba	708cda945a285526610371d812e4f54725eb6baf	191	holdout/rust_src.rs/order=4/mem=256MiB	holdout	rust_src.rs	rust_src.rs	false	26805	27230e0c7ad1eb2b163b320debffbc4f5660d45ec931cdd3ffbe5cf3d7b13eb0	4	256	0-15	6176	9d8d1eeda1fe228dbe7b546c28e62057210c8f62afcc8940548cde7e3ed31d70	PPMD:o4:mem19	"[""rust_src.rs""]"	0	0	0.0	6144	0	0.0	6016	0	true	true	true	26805	27230e0c7ad1eb2b163b320debffbc4f5660d45ec931cdd3ffbe5cf3d7b13eb0	704eb45a027fc1a7b5219ab897bf15f57d1be3ef0d3197120c97683507a9403d	b7f2fd5cb2d7934104b96e056bdefca0b03048655aba3926bf806f498ccee430
new02-ppmd-oracle-results-v1	PASS	4352d71ee8f4479c17312750d3b08f7095f0fb57737fbf55ac8877b10e0864ba	708cda945a285526610371d812e4f54725eb6baf	192	holdout/rust_src.rs/order=6/mem=16MiB	holdout	rust_src.rs	rust_src.rs	false	26805	27230e0c7ad1eb2b163b320debffbc4f5660d45ec931cdd3ffbe5cf3d7b13eb0	6	16	0-15	5926	6a5cf9fc63dc185dbb100a33c4105a5f003e571b9e741ab35e7be65ea973de67	PPMD:o6:mem19	"[""rust_src.rs""]"	0	0	0.0	6144	0	0.0	6016	0	true	true	true	26805	27230e0c7ad1eb2b163b320debffbc4f5660d45ec931cdd3ffbe5cf3d7b13eb0	e8aa79bcf471753426e429bd4325df471a757216722d1dcb37482704f23c42c6	2a8a1f01559e719f2a955b31b317f1197f23a6f37e467ad456f3a1939b7e12f3
new02-ppmd-oracle-results-v1	PASS	4352d71ee8f4479c17312750d3b08f7095f0fb57737fbf55ac8877b10e0864ba	708cda945a285526610371d812e4f54725eb6baf	193	holdout/rust_src.rs/order=6/mem=64MiB	holdout	rust_src.rs	rust_src.rs	false	26805	27230e0c7ad1eb2b163b320debffbc4f5660d45ec931cdd3ffbe5cf3d7b13eb0	6	64	0-15	5926	6a5cf9fc63dc185dbb100a33c4105a5f003e571b9e741ab35e7be65ea973de67	PPMD:o6:mem19	"[""rust_src.rs""]"	0	0	0.0	6144	0	0.0	6016	0	true	true	true	26805	27230e0c7ad1eb2b163b320debffbc4f5660d45ec931cdd3ffbe5cf3d7b13eb0	5e7f1c81860d304afa261134a8ef763efff6821dd9c109bd684c9ad0019a42b3	f5404d00a94fcdb62fb14b10f989e2cea50746fea620530a6c23e03049f270ad
new02-ppmd-oracle-results-v1	PASS	4352d71ee8f4479c17312750d3b08f7095f0fb57737fbf55ac8877b10e0864ba	708cda945a285526610371d812e4f54725eb6baf	194	holdout/rust_src.rs/order=6/mem=256MiB	holdout	rust_src.rs	rust_src.rs	false	26805	27230e0c7ad1eb2b163b320debffbc4f5660d45ec931cdd3ffbe5cf3d7b13eb0	6	256	0-15	5926	6a5cf9fc63dc185dbb100a33c4105a5f003e571b9e741ab35e7be65ea973de67	PPMD:o6:mem19	"[""rust_src.rs""]"	0	0	0.0	6144	0	0.0	6016	0	true	true	true	26805	27230e0c7ad1eb2b163b320debffbc4f5660d45ec931cdd3ffbe5cf3d7b13eb0	f2de9dd5c371b39c4918397a861a12dae4cbc50786407f4209db7d3eaeeb5be1	6c4f666ebedf9ea0d179179a892a232cf4524abfef89e91b986a0ac6b388b74d
new02-ppmd-oracle-results-v1	PASS	4352d71ee8f4479c17312750d3b08f7095f0fb57737fbf55ac8877b10e0864ba	708cda945a285526610371d812e4f54725eb6baf	195	holdout/rust_src.rs/order=8/mem=16MiB	holdout	rust_src.rs	rust_src.rs	false	26805	27230e0c7ad1eb2b163b320debffbc4f5660d45ec931cdd3ffbe5cf3d7b13eb0	8	16	0-15	5777	84051ed570cbcfd50c8aed9fdbbb49ebc8750be1333b78ccb582dce41f628549	PPMD:o8:mem19	"[""rust_src.rs""]"	0	0	0.0	6272	0	0.0	6144	0	true	true	true	26805	27230e0c7ad1eb2b163b320debffbc4f5660d45ec931cdd3ffbe5cf3d7b13eb0	8f0526363f3a6afe7c926e4f780aa5d780a50e126ede6be1b145dfc3f948e77d	da5e62465decf89ffb383905876881f6b5df516f5409778a72b7d5de16be72d0
new02-ppmd-oracle-results-v1	PASS	4352d71ee8f4479c17312750d3b08f7095f0fb57737fbf55ac8877b10e0864ba	708cda945a285526610371d812e4f54725eb6baf	196	holdout/rust_src.rs/order=8/mem=64MiB	holdout	rust_src.rs	rust_src.rs	false	26805	27230e0c7ad1eb2b163b320debffbc4f5660d45ec931cdd3ffbe5cf3d7b13eb0	8	64	0-15	5777	84051ed570cbcfd50c8aed9fdbbb49ebc8750be1333b78ccb582dce41f628549	PPMD:o8:mem19	"[""rust_src.rs""]"	0	0	0.0	6272	0	0.0	6144	0	true	true	true	26805	27230e0c7ad1eb2b163b320debffbc4f5660d45ec931cdd3ffbe5cf3d7b13eb0	f130ccc0e625c7fd1e1c0a4291c56cf50cca5b33268e51066f6e26ae9a64c739	ea6c4efe325e60277a1b84d7236cad04d1bd607b372f80a2dd6386bea22ff141
new02-ppmd-oracle-results-v1	PASS	4352d71ee8f4479c17312750d3b08f7095f0fb57737fbf55ac8877b10e0864ba	708cda945a285526610371d812e4f54725eb6baf	197	holdout/rust_src.rs/order=8/mem=256MiB	holdout	rust_src.rs	rust_src.rs	false	26805	27230e0c7ad1eb2b163b320debffbc4f5660d45ec931cdd3ffbe5cf3d7b13eb0	8	256	0-15	5777	84051ed570cbcfd50c8aed9fdbbb49ebc8750be1333b78ccb582dce41f628549	PPMD:o8:mem19	"[""rust_src.rs""]"	0	0	0.0	6272	0	0.0	6144	0	true	true	true	26805	27230e0c7ad1eb2b163b320debffbc4f5660d45ec931cdd3ffbe5cf3d7b13eb0	bf2b08c0a0b2cb61494e3f107ba05ee54a9fb51436c63b15921561b72f50779d	a5fb91a9f4442209acd8b550acbcec270c0d68cbba0453f5b8ccad3c1a323beb
new02-ppmd-oracle-results-v1	PASS	4352d71ee8f4479c17312750d3b08f7095f0fb57737fbf55ac8877b10e0864ba	708cda945a285526610371d812e4f54725eb6baf	198	holdout/c_header.h/order=4/mem=16MiB	holdout	c_header.h	c_header.h	false	34649	b4f6709d12c8493e2a42f740845abe2994deb27fc78fb85fcaa6e27228a87d62	4	16	0-15	6139	d77152e0ff14b253ddd99f392dadb3b222788d843be4f4257a24af2429fd1006	PPMD:o4:mem20	"[""c_header.h""]"	0	0	0.0	6144	0	0.0	6016	0	true	true	true	34649	b4f6709d12c8493e2a42f740845abe2994deb27fc78fb85fcaa6e27228a87d62	634c0a02dac21ed662789c73e382715b07625bcf25fb474720b177fbac4ed718	2fe4adfd7a894d692949cf87bceace8343f05a87cda6aa35d3572ab03123f2f4
new02-ppmd-oracle-results-v1	PASS	4352d71ee8f4479c17312750d3b08f7095f0fb57737fbf55ac8877b10e0864ba	708cda945a285526610371d812e4f54725eb6baf	199	holdout/c_header.h/order=4/mem=64MiB	holdout	c_header.h	c_header.h	false	34649	b4f6709d12c8493e2a42f740845abe2994deb27fc78fb85fcaa6e27228a87d62	4	64	0-15	6139	d77152e0ff14b253ddd99f392dadb3b222788d843be4f4257a24af2429fd1006	PPMD:o4:mem20	"[""c_header.h""]"	0	0	0.0	6144	0	0.0	6016	0	true	true	true	34649	b4f6709d12c8493e2a42f740845abe2994deb27fc78fb85fcaa6e27228a87d62	d59897b1cd75f11556d6a189730cbcee77b8f32f5e8ec6bd0afbe9b2f540caff	89702a8518fc5ac89a717d8a1affeec1ef89b4d48273e3428fd5fcd24742cef9
new02-ppmd-oracle-results-v1	PASS	4352d71ee8f4479c17312750d3b08f7095f0fb57737fbf55ac8877b10e0864ba	708cda945a285526610371d812e4f54725eb6baf	200	holdout/c_header.h/order=4/mem=256MiB	holdout	c_header.h	c_header.h	false	34649	b4f6709d12c8493e2a42f740845abe2994deb27fc78fb85fcaa6e27228a87d62	4	256	0-15	6139	d77152e0ff14b253ddd99f392dadb3b222788d843be4f4257a24af2429fd1006	PPMD:o4:mem20	"[""c_header.h""]"	0	0	0.0	6144	0	0.0	6016	0	true	true	true	34649	b4f6709d12c8493e2a42f740845abe2994deb27fc78fb85fcaa6e27228a87d62	be61b8478735a1e21edcad47ba496f1a0a861b3d9b25e5e263893caf00a571b7	b2ecdf4c22b68d3fa45434e1d9614f39d346b8897986d1a5c036e8bd54558429
new02-ppmd-oracle-results-v1	PASS	4352d71ee8f4479c17312750d3b08f7095f0fb57737fbf55ac8877b10e0864ba	708cda945a285526610371d812e4f54725eb6baf	201	holdout/c_header.h/order=6/mem=16MiB	holdout	c_header.h	c_header.h	false	34649	b4f6709d12c8493e2a42f740845abe2994deb27fc78fb85fcaa6e27228a87d62	6	16	0-15	5711	22585f6c4ef94a87dd7302cdb2b95903a1d222ca2fb33f92fc4b730d614d9a88	PPMD:o6:mem20	"[""c_header.h""]"	0	0	0.0	6272	0	0.0	6016	0	true	true	true	34649	b4f6709d12c8493e2a42f740845abe2994deb27fc78fb85fcaa6e27228a87d62	eef96e724b50c44b16d0349b6006d419719fc142e89182e8910d4d17f4400cc7	b4d71eac361dfaffe91e3058341ae9b53c47cd467c3acb5c59e887d576cfb01d
new02-ppmd-oracle-results-v1	PASS	4352d71ee8f4479c17312750d3b08f7095f0fb57737fbf55ac8877b10e0864ba	708cda945a285526610371d812e4f54725eb6baf	202	holdout/c_header.h/order=6/mem=64MiB	holdout	c_header.h	c_header.h	false	34649	b4f6709d12c8493e2a42f740845abe2994deb27fc78fb85fcaa6e27228a87d62	6	64	0-15	5711	22585f6c4ef94a87dd7302cdb2b95903a1d222ca2fb33f92fc4b730d614d9a88	PPMD:o6:mem20	"[""c_header.h""]"	0	0	0.0	6272	0	0.0	6016	0	true	true	true	34649	b4f6709d12c8493e2a42f740845abe2994deb27fc78fb85fcaa6e27228a87d62	e5681413adcaf5d46a661e166f6ebdaf1e4cdb5e1cd876808978e61c63376cd6	ddaaa5ab807c355d1330905264a73d2e2c2127e025dd0257e64b03077573cd09
new02-ppmd-oracle-results-v1	PASS	4352d71ee8f4479c17312750d3b08f7095f0fb57737fbf55ac8877b10e0864ba	708cda945a285526610371d812e4f54725eb6baf	203	holdout/c_header.h/order=6/mem=256MiB	holdout	c_header.h	c_header.h	false	34649	b4f6709d12c8493e2a42f740845abe2994deb27fc78fb85fcaa6e27228a87d62	6	256	0-15	5711	22585f6c4ef94a87dd7302cdb2b95903a1d222ca2fb33f92fc4b730d614d9a88	PPMD:o6:mem20	"[""c_header.h""]"	0	0	0.0	6144	0	0.0	6016	0	true	true	true	34649	b4f6709d12c8493e2a42f740845abe2994deb27fc78fb85fcaa6e27228a87d62	6e0f932963ad3a8d84b8414791925a478afe7b87a04939653000a750f3e84430	b4ff945b9c8599635fcdfc3ba845a24603f89aec7ad030a0dee21a11cffc1b5c
new02-ppmd-oracle-results-v1	PASS	4352d71ee8f4479c17312750d3b08f7095f0fb57737fbf55ac8877b10e0864ba	708cda945a285526610371d812e4f54725eb6baf	204	holdout/c_header.h/order=8/mem=16MiB	holdout	c_header.h	c_header.h	false	34649	b4f6709d12c8493e2a42f740845abe2994deb27fc78fb85fcaa6e27228a87d62	8	16	0-15	5579	bb9c89a06ef3d11fb156fc54e56e78f948c854218e5ac6b286b5944b7c6ab428	PPMD:o8:mem20	"[""c_header.h""]"	0	0	0.0	6272	0	0.0	6144	0	true	true	true	34649	b4f6709d12c8493e2a42f740845abe2994deb27fc78fb85fcaa6e27228a87d62	86feb533360b0d975301c1914beb2c0749a4e052d05f8ba38c44b6c96d3385ee	098839a4b74c5d82ce7a5f4879498a08bcb917804b206eb772b95226b70bb477
new02-ppmd-oracle-results-v1	PASS	4352d71ee8f4479c17312750d3b08f7095f0fb57737fbf55ac8877b10e0864ba	708cda945a285526610371d812e4f54725eb6baf	205	holdout/c_header.h/order=8/mem=64MiB	holdout	c_header.h	c_header.h	false	34649	b4f6709d12c8493e2a42f740845abe2994deb27fc78fb85fcaa6e27228a87d62	8	64	0-15	5579	bb9c89a06ef3d11fb156fc54e56e78f948c854218e5ac6b286b5944b7c6ab428	PPMD:o8:mem20	"[""c_header.h""]"	0	0	0.0	6272	0	0.0	6144	0	true	true	true	34649	b4f6709d12c8493e2a42f740845abe2994deb27fc78fb85fcaa6e27228a87d62	a41f0b4ebdd360d0644a5db638a4268cf1281efc4b091378bababdb135826ba7	5354da178a3794b339e6034634c58c8b03a5c082d90fc0b2edf6c1f496080c62
new02-ppmd-oracle-results-v1	PASS	4352d71ee8f4479c17312750d3b08f7095f0fb57737fbf55ac8877b10e0864ba	708cda945a285526610371d812e4f54725eb6baf	206	holdout/c_header.h/order=8/mem=256MiB	holdout	c_header.h	c_header.h	false	34649	b4f6709d12c8493e2a42f740845abe2994deb27fc78fb85fcaa6e27228a87d62	8	256	0-15	5579	bb9c89a06ef3d11fb156fc54e56e78f948c854218e5ac6b286b5944b7c6ab428	PPMD:o8:mem20	"[""c_header.h""]"	0	0	0.0	6272	0	0.0	6144	0	true	true	true	34649	b4f6709d12c8493e2a42f740845abe2994deb27fc78fb85fcaa6e27228a87d62	b34021768f72c62956b06260821005bcf3df80482574d673e1b49d5badaecc11	a731b800ab59b4abd4e0e0e172ce3412dbe07a0c6d3e7b70dd664e7989c016df
new02-ppmd-oracle-results-v1	PASS	4352d71ee8f4479c17312750d3b08f7095f0fb57737fbf55ac8877b10e0864ba	708cda945a285526610371d812e4f54725eb6baf	207	holdout/config.json/order=4/mem=16MiB	holdout	config.json	config.json	false	66294	259f831b18f3d1aecc130839ca075541b199f855570fb27a2f044309d2b7dc94	4	16	0-15	8133	c37fd8ebd79d7402467738fb81561abc378547907fb7449785496c9564a859c3	PPMD:o4:mem21	"[""config.json""]"	0	0	0.0	6144	0	0.0	6016	0	true	true	true	66294	259f831b18f3d1aecc130839ca075541b199f855570fb27a2f044309d2b7dc94	efae56d414c84fb74b2354e9a4508922e6ac72e9c2b7a1d2dcfdbe217d5ed14e	299eb1544993a7d2395df8807f0cdcea6c292f08998b9418520f3c8ea5f8409f
new02-ppmd-oracle-results-v1	PASS	4352d71ee8f4479c17312750d3b08f7095f0fb57737fbf55ac8877b10e0864ba	708cda945a285526610371d812e4f54725eb6baf	208	holdout/config.json/order=4/mem=64MiB	holdout	config.json	config.json	false	66294	259f831b18f3d1aecc130839ca075541b199f855570fb27a2f044309d2b7dc94	4	64	0-15	8133	c37fd8ebd79d7402467738fb81561abc378547907fb7449785496c9564a859c3	PPMD:o4:mem21	"[""config.json""]"	0	0	0.0	6144	0	0.0	6016	0	true	true	true	66294	259f831b18f3d1aecc130839ca075541b199f855570fb27a2f044309d2b7dc94	9461dc0c42dd7ee2107f96f00e7628810f6c2a3aa1d819c41e2a3e5d1faecf20	912b07a6d5f4ea2c4bf74cc2b84aba3d126ed30e0d94f59f3676f9cd522d554b
new02-ppmd-oracle-results-v1	PASS	4352d71ee8f4479c17312750d3b08f7095f0fb57737fbf55ac8877b10e0864ba	708cda945a285526610371d812e4f54725eb6baf	209	holdout/config.json/order=4/mem=256MiB	holdout	config.json	config.json	false	66294	259f831b18f3d1aecc130839ca075541b199f855570fb27a2f044309d2b7dc94	4	256	0-15	8133	c37fd8ebd79d7402467738fb81561abc378547907fb7449785496c9564a859c3	PPMD:o4:mem21	"[""config.json""]"	0	0	0.0	6144	0	0.0	6016	0	true	true	true	66294	259f831b18f3d1aecc130839ca075541b199f855570fb27a2f044309d2b7dc94	593d764ec2fdc62ef0de6b737999147499a6ac5befb62f7023097304ed2ee1b2	d8621d2a411e0cde1d8e94727e6a5c5b4c5d09c934f7d5667a52a093d861031a
new02-ppmd-oracle-results-v1	PASS	4352d71ee8f4479c17312750d3b08f7095f0fb57737fbf55ac8877b10e0864ba	708cda945a285526610371d812e4f54725eb6baf	210	holdout/config.json/order=6/mem=16MiB	holdout	config.json	config.json	false	66294	259f831b18f3d1aecc130839ca075541b199f855570fb27a2f044309d2b7dc94	6	16	0-15	7416	efd7631f61fdc81ea1658137ad9aab057bba32863e431371090596b9fea85ce6	PPMD:o6:mem21	"[""config.json""]"	0	0	0.0	6272	0	0.0	6144	0	true	true	true	66294	259f831b18f3d1aecc130839ca075541b199f855570fb27a2f044309d2b7dc94	1bc097a6e0e62d6e5beb6fe43a4c13c553e02ba61137b0fe0ad9cdb75309f2f5	c0784cec500cd24c438dd5b58ce54bc4f7d881cd25079be60f7930dfa39b969c
new02-ppmd-oracle-results-v1	PASS	4352d71ee8f4479c17312750d3b08f7095f0fb57737fbf55ac8877b10e0864ba	708cda945a285526610371d812e4f54725eb6baf	211	holdout/config.json/order=6/mem=64MiB	holdout	config.json	config.json	false	66294	259f831b18f3d1aecc130839ca075541b199f855570fb27a2f044309d2b7dc94	6	64	0-15	7416	efd7631f61fdc81ea1658137ad9aab057bba32863e431371090596b9fea85ce6	PPMD:o6:mem21	"[""config.json""]"	0	0	0.0	6272	0	0.0	6144	0	true	true	true	66294	259f831b18f3d1aecc130839ca075541b199f855570fb27a2f044309d2b7dc94	f193c345aeaa03601b4fa2a8ddf5871f2782dc907307bc8f9239672059e86647	0523d956e027ddd9a8559619f92fee8a21070df98509d6f8bc05f83c1375bee8
new02-ppmd-oracle-results-v1	PASS	4352d71ee8f4479c17312750d3b08f7095f0fb57737fbf55ac8877b10e0864ba	708cda945a285526610371d812e4f54725eb6baf	212	holdout/config.json/order=6/mem=256MiB	holdout	config.json	config.json	false	66294	259f831b18f3d1aecc130839ca075541b199f855570fb27a2f044309d2b7dc94	6	256	0-15	7416	efd7631f61fdc81ea1658137ad9aab057bba32863e431371090596b9fea85ce6	PPMD:o6:mem21	"[""config.json""]"	0	0	0.0	6272	0	0.0	6144	0	true	true	true	66294	259f831b18f3d1aecc130839ca075541b199f855570fb27a2f044309d2b7dc94	44df68e58216f8c56f552110d48723db288b1b29e730ec92748e04827b2233b6	f59f8581728c458950519fbf10b496826af2f9f7d144224864278c797fcfe992
new02-ppmd-oracle-results-v1	PASS	4352d71ee8f4479c17312750d3b08f7095f0fb57737fbf55ac8877b10e0864ba	708cda945a285526610371d812e4f54725eb6baf	213	holdout/config.json/order=8/mem=16MiB	holdout	config.json	config.json	false	66294	259f831b18f3d1aecc130839ca075541b199f855570fb27a2f044309d2b7dc94	8	16	0-15	7163	ec38643254e67cacd1929f0807bebd789f5172be9fa87bd2117be51c0972ac59	PPMD:o8:mem21	"[""config.json""]"	0	0	0.0	6528	0	0.0	6400	0	true	true	true	66294	259f831b18f3d1aecc130839ca075541b199f855570fb27a2f044309d2b7dc94	b27de237bb3e0a0dc0c713f572be60439b62e36393261bcd3c6b8eccb3e450bc	79fcb60e3cfa73084c3b181c8028ba86221409c8dcd7ee0feaa27eb5e8a8d129
new02-ppmd-oracle-results-v1	PASS	4352d71ee8f4479c17312750d3b08f7095f0fb57737fbf55ac8877b10e0864ba	708cda945a285526610371d812e4f54725eb6baf	214	holdout/config.json/order=8/mem=64MiB	holdout	config.json	config.json	false	66294	259f831b18f3d1aecc130839ca075541b199f855570fb27a2f044309d2b7dc94	8	64	0-15	7163	ec38643254e67cacd1929f0807bebd789f5172be9fa87bd2117be51c0972ac59	PPMD:o8:mem21	"[""config.json""]"	0	0	0.0	6528	0	0.0	6400	0	true	true	true	66294	259f831b18f3d1aecc130839ca075541b199f855570fb27a2f044309d2b7dc94	3938fa0450b763179a14467bfc1e85393c2ab837ca21c195458fc034a3c8311c	649cd361b655905b1f21f544ec2bd07449546a77c268a44744f2cba81a7e22b9
new02-ppmd-oracle-results-v1	PASS	4352d71ee8f4479c17312750d3b08f7095f0fb57737fbf55ac8877b10e0864ba	708cda945a285526610371d812e4f54725eb6baf	215	holdout/config.json/order=8/mem=256MiB	holdout	config.json	config.json	false	66294	259f831b18f3d1aecc130839ca075541b199f855570fb27a2f044309d2b7dc94	8	256	0-15	7163	ec38643254e67cacd1929f0807bebd789f5172be9fa87bd2117be51c0972ac59	PPMD:o8:mem21	"[""config.json""]"	0	0	0.0	6528	0	0.0	6400	0	true	true	true	66294	259f831b18f3d1aecc130839ca075541b199f855570fb27a2f044309d2b7dc94	135f738dc3b944666c64ab1d0a72548a3de079fdea61e1838974e80706b3450e	12624aefec4f827fc8755e49b28fb67b646743e9a9b2503b88754901ee9c10fb
new02-ppmd-oracle-results-v1	PASS	4352d71ee8f4479c17312750d3b08f7095f0fb57737fbf55ac8877b10e0864ba	708cda945a285526610371d812e4f54725eb6baf	216	holdout/prose.txt/order=4/mem=16MiB	holdout	prose.txt	prose.txt	false	17774	9026c001530a657fb8910a1d990325d07e19443ee898a65ae1b3ea3d2d9c9bf8	4	16	0-15	5723	e948d139c8f787e0ebdd67ccc109f4f22fb67cc04c4d88f2c70ec89fca2964e7	PPMD:o4:mem19	"[""prose.txt""]"	0	0	0.0	6016	0	0.0	6016	0	true	true	true	17774	9026c001530a657fb8910a1d990325d07e19443ee898a65ae1b3ea3d2d9c9bf8	c15dba205693b8293222b16a5c71f73ad67578280f14cdf408f8e5afa0562545	88fcc230aaebb78528f15bef74e572a9443c7988dfb6ca7b54f058775f002df3
new02-ppmd-oracle-results-v1	PASS	4352d71ee8f4479c17312750d3b08f7095f0fb57737fbf55ac8877b10e0864ba	708cda945a285526610371d812e4f54725eb6baf	217	holdout/prose.txt/order=4/mem=64MiB	holdout	prose.txt	prose.txt	false	17774	9026c001530a657fb8910a1d990325d07e19443ee898a65ae1b3ea3d2d9c9bf8	4	64	0-15	5723	e948d139c8f787e0ebdd67ccc109f4f22fb67cc04c4d88f2c70ec89fca2964e7	PPMD:o4:mem19	"[""prose.txt""]"	0	0	0.0	6144	0	0.0	5888	0	true	true	true	17774	9026c001530a657fb8910a1d990325d07e19443ee898a65ae1b3ea3d2d9c9bf8	c545291777d8335c45714783340ef46013252c3c1fa93c0184e474a9abd72dff	4bcaae2b9d3cfa8e82a478bf644b98ade4a6280efcb145117ba816a18eee00ff
new02-ppmd-oracle-results-v1	PASS	4352d71ee8f4479c17312750d3b08f7095f0fb57737fbf55ac8877b10e0864ba	708cda945a285526610371d812e4f54725eb6baf	218	holdout/prose.txt/order=4/mem=256MiB	holdout	prose.txt	prose.txt	false	17774	9026c001530a657fb8910a1d990325d07e19443ee898a65ae1b3ea3d2d9c9bf8	4	256	0-15	5723	e948d139c8f787e0ebdd67ccc109f4f22fb67cc04c4d88f2c70ec89fca2964e7	PPMD:o4:mem19	"[""prose.txt""]"	0	0	0.0	6144	0	0.0	6016	0	true	true	true	17774	9026c001530a657fb8910a1d990325d07e19443ee898a65ae1b3ea3d2d9c9bf8	d9640b137222426df11a4ca8739c5cc223b65cb738326b110c3248645d979e77	3e594b5b78b6cbb154f0b105117fd14c925e46116eb4b87ec848919cc271f257
new02-ppmd-oracle-results-v1	PASS	4352d71ee8f4479c17312750d3b08f7095f0fb57737fbf55ac8877b10e0864ba	708cda945a285526610371d812e4f54725eb6baf	219	holdout/prose.txt/order=6/mem=16MiB	holdout	prose.txt	prose.txt	false	17774	9026c001530a657fb8910a1d990325d07e19443ee898a65ae1b3ea3d2d9c9bf8	6	16	0-15	5642	839af09767dccbdceb5542840259ae68b7001470230b779e39b4aab23f8c1f63	PPMD:o6:mem19	"[""prose.txt""]"	0	0	0.0	6144	0	0.0	6016	0	true	true	true	17774	9026c001530a657fb8910a1d990325d07e19443ee898a65ae1b3ea3d2d9c9bf8	f4f21ce7a504e096f21c7c7fe029deff05aa1fcdde745101cfbabe7f5af7999d	669348d3f37bffdc04a5daa3aee5b5b971ccbc6eb61f8f8282919745b8aef0bc
new02-ppmd-oracle-results-v1	PASS	4352d71ee8f4479c17312750d3b08f7095f0fb57737fbf55ac8877b10e0864ba	708cda945a285526610371d812e4f54725eb6baf	220	holdout/prose.txt/order=6/mem=64MiB	holdout	prose.txt	prose.txt	false	17774	9026c001530a657fb8910a1d990325d07e19443ee898a65ae1b3ea3d2d9c9bf8	6	64	0-15	5642	839af09767dccbdceb5542840259ae68b7001470230b779e39b4aab23f8c1f63	PPMD:o6:mem19	"[""prose.txt""]"	0	0	0.0	6144	0	0.0	6016	0	true	true	true	17774	9026c001530a657fb8910a1d990325d07e19443ee898a65ae1b3ea3d2d9c9bf8	7ac9dca5b193594b94bd27f42815e4cbd5d8fdd546e6a8fdb5d350ebb88dc6be	42ab2f38ac394907617f902eec8935c6f6bdffbd5cac56f344cd9274f52d24cb
new02-ppmd-oracle-results-v1	PASS	4352d71ee8f4479c17312750d3b08f7095f0fb57737fbf55ac8877b10e0864ba	708cda945a285526610371d812e4f54725eb6baf	221	holdout/prose.txt/order=6/mem=256MiB	holdout	prose.txt	prose.txt	false	17774	9026c001530a657fb8910a1d990325d07e19443ee898a65ae1b3ea3d2d9c9bf8	6	256	0-15	5642	839af09767dccbdceb5542840259ae68b7001470230b779e39b4aab23f8c1f63	PPMD:o6:mem19	"[""prose.txt""]"	0	0	0.0	6144	0	0.0	6016	0	true	true	true	17774	9026c001530a657fb8910a1d990325d07e19443ee898a65ae1b3ea3d2d9c9bf8	94532599a215064bf85d2d50810ce7098d456cd1acfe53733842c7399f0c9e85	7c7fbc176447aee735e47929b867aad61ab40e2788a06bb58feba1bfde9ce811
new02-ppmd-oracle-results-v1	PASS	4352d71ee8f4479c17312750d3b08f7095f0fb57737fbf55ac8877b10e0864ba	708cda945a285526610371d812e4f54725eb6baf	222	holdout/prose.txt/order=8/mem=16MiB	holdout	prose.txt	prose.txt	false	17774	9026c001530a657fb8910a1d990325d07e19443ee898a65ae1b3ea3d2d9c9bf8	8	16	0-15	5593	feea8a4ec5de6739e57ca51a7eaf5b84fc0cb8c072441e3d31d4a6a0f1368f88	PPMD:o8:mem19	"[""prose.txt""]"	0	0	0.0	6272	0	0.0	6144	0	true	true	true	17774	9026c001530a657fb8910a1d990325d07e19443ee898a65ae1b3ea3d2d9c9bf8	cf2208dbd80fa37db94943cef09c5ca4a044dfb76a50295e7e13d8a136542df6	376ec7dd95e1feb0fd971738a1680fbb60b889ce5665d6d1697d2a6da6d2b66a
new02-ppmd-oracle-results-v1	PASS	4352d71ee8f4479c17312750d3b08f7095f0fb57737fbf55ac8877b10e0864ba	708cda945a285526610371d812e4f54725eb6baf	223	holdout/prose.txt/order=8/mem=64MiB	holdout	prose.txt	prose.txt	false	17774	9026c001530a657fb8910a1d990325d07e19443ee898a65ae1b3ea3d2d9c9bf8	8	64	0-15	5593	feea8a4ec5de6739e57ca51a7eaf5b84fc0cb8c072441e3d31d4a6a0f1368f88	PPMD:o8:mem19	"[""prose.txt""]"	0	0	0.0	6272	0	0.0	6144	0	true	true	true	17774	9026c001530a657fb8910a1d990325d07e19443ee898a65ae1b3ea3d2d9c9bf8	3bf0f61f3d176f6d81eedcca5e17351552164963d28c070f21389d5383473747	bdc163aca5022c1dc582381e5ba14aad6199f6abdeba8d23d609bcd04c1ffe0e
new02-ppmd-oracle-results-v1	PASS	4352d71ee8f4479c17312750d3b08f7095f0fb57737fbf55ac8877b10e0864ba	708cda945a285526610371d812e4f54725eb6baf	224	holdout/prose.txt/order=8/mem=256MiB	holdout	prose.txt	prose.txt	false	17774	9026c001530a657fb8910a1d990325d07e19443ee898a65ae1b3ea3d2d9c9bf8	8	256	0-15	5593	feea8a4ec5de6739e57ca51a7eaf5b84fc0cb8c072441e3d31d4a6a0f1368f88	PPMD:o8:mem19	"[""prose.txt""]"	0	0	0.0	6272	0	0.0	6144	0	true	true	true	17774	9026c001530a657fb8910a1d990325d07e19443ee898a65ae1b3ea3d2d9c9bf8	61d4267a3bb9fca7ecc099f98bc412f132bba74c2bebc2dbd47b005a1dfd83e2	9f4de143722b60ba8015b59c9eed85c4f0016014c835912baf2f51d430f6da44
new02-ppmd-oracle-results-v1	PASS	4352d71ee8f4479c17312750d3b08f7095f0fb57737fbf55ac8877b10e0864ba	708cda945a285526610371d812e4f54725eb6baf	225	holdout/data.csv/order=4/mem=16MiB	holdout	data.csv	data.csv	false	17029	c9b1e70e718f33f7cd6433b98f123fcc2914a24d1974e1bcf53d73a2806b2860	4	16	0-15	3301	de4121c661b6c04679dd37936e12e86a6d4db2083b67d1692cfd5a1fa2e17db7	PPMD:o4:mem19	"[""data.csv""]"	0	0	0.0	6016	0	0.0	5888	0	true	true	true	17029	c9b1e70e718f33f7cd6433b98f123fcc2914a24d1974e1bcf53d73a2806b2860	c276cd3fc61466824847b7588f3248c23c3712f7ed1bcfe8fcdbd949660da71c	f7a51c9b3c50e2807d57c14e3dbbc286280cfd3309fe31938d278c7f37ab3bcf
new02-ppmd-oracle-results-v1	PASS	4352d71ee8f4479c17312750d3b08f7095f0fb57737fbf55ac8877b10e0864ba	708cda945a285526610371d812e4f54725eb6baf	226	holdout/data.csv/order=4/mem=64MiB	holdout	data.csv	data.csv	false	17029	c9b1e70e718f33f7cd6433b98f123fcc2914a24d1974e1bcf53d73a2806b2860	4	64	0-15	3301	de4121c661b6c04679dd37936e12e86a6d4db2083b67d1692cfd5a1fa2e17db7	PPMD:o4:mem19	"[""data.csv""]"	0	0	0.0	6144	0	0.0	5888	0	true	true	true	17029	c9b1e70e718f33f7cd6433b98f123fcc2914a24d1974e1bcf53d73a2806b2860	8e9e867806269eac2bc6e0383d3deec530095f4da6636a82f17e79b17cf9d459	10ca75190d304f61363dbe3ab30fba568c2918cd25de098a0e07a65c85681d10
new02-ppmd-oracle-results-v1	PASS	4352d71ee8f4479c17312750d3b08f7095f0fb57737fbf55ac8877b10e0864ba	708cda945a285526610371d812e4f54725eb6baf	227	holdout/data.csv/order=4/mem=256MiB	holdout	data.csv	data.csv	false	17029	c9b1e70e718f33f7cd6433b98f123fcc2914a24d1974e1bcf53d73a2806b2860	4	256	0-15	3301	de4121c661b6c04679dd37936e12e86a6d4db2083b67d1692cfd5a1fa2e17db7	PPMD:o4:mem19	"[""data.csv""]"	0	0	0.0	6144	0	0.0	5888	0	true	true	true	17029	c9b1e70e718f33f7cd6433b98f123fcc2914a24d1974e1bcf53d73a2806b2860	3ae0e221c96a1963e465a2af81a968680c03bc8cebdc099d47bd5d49e6961f96	1b72301dbf2f5ac89b1eeaabfe9756a29891c4375190d81d225cb9153bd64bff
new02-ppmd-oracle-results-v1	PASS	4352d71ee8f4479c17312750d3b08f7095f0fb57737fbf55ac8877b10e0864ba	708cda945a285526610371d812e4f54725eb6baf	228	holdout/data.csv/order=6/mem=16MiB	holdout	data.csv	data.csv	false	17029	c9b1e70e718f33f7cd6433b98f123fcc2914a24d1974e1bcf53d73a2806b2860	6	16	0-15	3287	bc1ae7a194080e6771415ea41391d1dc1dd2e95258ab387546827626960f8b0c	PPMD:o6:mem19	"[""data.csv""]"	0	0	0.0	6144	0	0.0	6016	0	true	true	true	17029	c9b1e70e718f33f7cd6433b98f123fcc2914a24d1974e1bcf53d73a2806b2860	b73c5b1025797d674e2f6dc5653d0ff1f54f1c9fd648e3a6252879f792135d1c	1fc0dc73dad8e4568ddd88c1f52254823db0188335174296435ecb3d09b6387c
new02-ppmd-oracle-results-v1	PASS	4352d71ee8f4479c17312750d3b08f7095f0fb57737fbf55ac8877b10e0864ba	708cda945a285526610371d812e4f54725eb6baf	229	holdout/data.csv/order=6/mem=64MiB	holdout	data.csv	data.csv	false	17029	c9b1e70e718f33f7cd6433b98f123fcc2914a24d1974e1bcf53d73a2806b2860	6	64	0-15	3287	bc1ae7a194080e6771415ea41391d1dc1dd2e95258ab387546827626960f8b0c	PPMD:o6:mem19	"[""data.csv""]"	0	0	0.0	6016	0	0.0	6016	0	true	true	true	17029	c9b1e70e718f33f7cd6433b98f123fcc2914a24d1974e1bcf53d73a2806b2860	c0fda871df67dd6b0a6dcde13afe12de138dd3cfa71644cb92f371f871e0526f	a1643754eee77a0d1bd28fc26c23a404cb119f8e3d956257b6caa80729f36fea
new02-ppmd-oracle-results-v1	PASS	4352d71ee8f4479c17312750d3b08f7095f0fb57737fbf55ac8877b10e0864ba	708cda945a285526610371d812e4f54725eb6baf	230	holdout/data.csv/order=6/mem=256MiB	holdout	data.csv	data.csv	false	17029	c9b1e70e718f33f7cd6433b98f123fcc2914a24d1974e1bcf53d73a2806b2860	6	256	0-15	3287	bc1ae7a194080e6771415ea41391d1dc1dd2e95258ab387546827626960f8b0c	PPMD:o6:mem19	"[""data.csv""]"	0	0	0.0	6016	0	0.0	6016	0	true	true	true	17029	c9b1e70e718f33f7cd6433b98f123fcc2914a24d1974e1bcf53d73a2806b2860	66d2102778592d7582958b64c0353ca4d2e951e7bf3d585d91753301253aa2d4	5df4e2c214e9be96d07110b95ec0e25eeb0d55ad8c025a47cb138754b5c525d2
new02-ppmd-oracle-results-v1	PASS	4352d71ee8f4479c17312750d3b08f7095f0fb57737fbf55ac8877b10e0864ba	708cda945a285526610371d812e4f54725eb6baf	231	holdout/data.csv/order=8/mem=16MiB	holdout	data.csv	data.csv	false	17029	c9b1e70e718f33f7cd6433b98f123fcc2914a24d1974e1bcf53d73a2806b2860	8	16	0-15	3305	05292692e553be0422cc34b4bdcaf213e17c0d71ab68467334edb6482a1c02ca	PPMD:o8:mem19	"[""data.csv""]"	0	0	0.0	6144	0	0.0	6016	0	true	true	true	17029	c9b1e70e718f33f7cd6433b98f123fcc2914a24d1974e1bcf53d73a2806b2860	676137225b0bf8e3257a20857c2f8d28395f27a559e1effe6a41e5eb7825b698	8d6d079d78d1abe1a8df33b99b4fa6cffee2a8fcb6fb520e24ff9c93eda5b9ee
new02-ppmd-oracle-results-v1	PASS	4352d71ee8f4479c17312750d3b08f7095f0fb57737fbf55ac8877b10e0864ba	708cda945a285526610371d812e4f54725eb6baf	232	holdout/data.csv/order=8/mem=64MiB	holdout	data.csv	data.csv	false	17029	c9b1e70e718f33f7cd6433b98f123fcc2914a24d1974e1bcf53d73a2806b2860	8	64	0-15	3305	05292692e553be0422cc34b4bdcaf213e17c0d71ab68467334edb6482a1c02ca	PPMD:o8:mem19	"[""data.csv""]"	0	0	0.0	6144	0	0.0	6016	0	true	true	true	17029	c9b1e70e718f33f7cd6433b98f123fcc2914a24d1974e1bcf53d73a2806b2860	5746f48bf50ea40bb9823668da71f347de3fbf06761263215700ee7d3f444733	ef09fbe889352ed99d37c6d4d976bb86af46e7db549b4b13c348717f5892e84a
new02-ppmd-oracle-results-v1	PASS	4352d71ee8f4479c17312750d3b08f7095f0fb57737fbf55ac8877b10e0864ba	708cda945a285526610371d812e4f54725eb6baf	233	holdout/data.csv/order=8/mem=256MiB	holdout	data.csv	data.csv	false	17029	c9b1e70e718f33f7cd6433b98f123fcc2914a24d1974e1bcf53d73a2806b2860	8	256	0-15	3305	05292692e553be0422cc34b4bdcaf213e17c0d71ab68467334edb6482a1c02ca	PPMD:o8:mem19	"[""data.csv""]"	0	0	0.0	6144	0	0.0	6016	0	true	true	true	17029	c9b1e70e718f33f7cd6433b98f123fcc2914a24d1974e1bcf53d73a2806b2860	71de6931b3a571431fe3f23575e8a45d51b18ee4780de76cfae39bcf4b5c8d84	73c4942fd6ac36b58d568e65e2b3d78b6723bdde2745b53f0e15d6237451cd54
new02-ppmd-oracle-results-v1	PASS	4352d71ee8f4479c17312750d3b08f7095f0fb57737fbf55ac8877b10e0864ba	708cda945a285526610371d812e4f54725eb6baf	234	holdout/exe.bin/order=4/mem=16MiB	holdout	exe.bin	exe.bin	false	39384	a63158e6e5bce20616425f5d61e5bd7374bb5bccf15bbb93ae2e40238248f179	4	16	0-15	13267	6898fbdc2d883d6e8223363ccd9261296464f5b368def31a20c37c34889d6dc5	PPMD:o4:mem20	"[""exe.bin""]"	0	0	0.0	6272	0	0.0	6144	0	true	true	true	39384	a63158e6e5bce20616425f5d61e5bd7374bb5bccf15bbb93ae2e40238248f179	33d5bf929fb8b7d446190a2060c2035345fe22dd01222d858b4c59f8dde31d82	03f1331e3030790705a6078767490b816f0f99b7d8e4962b62d05264411892e5
new02-ppmd-oracle-results-v1	PASS	4352d71ee8f4479c17312750d3b08f7095f0fb57737fbf55ac8877b10e0864ba	708cda945a285526610371d812e4f54725eb6baf	235	holdout/exe.bin/order=4/mem=64MiB	holdout	exe.bin	exe.bin	false	39384	a63158e6e5bce20616425f5d61e5bd7374bb5bccf15bbb93ae2e40238248f179	4	64	0-15	13267	6898fbdc2d883d6e8223363ccd9261296464f5b368def31a20c37c34889d6dc5	PPMD:o4:mem20	"[""exe.bin""]"	0	0	0.0	6272	0	0.0	6144	0	true	true	true	39384	a63158e6e5bce20616425f5d61e5bd7374bb5bccf15bbb93ae2e40238248f179	5af73587685c6b48666d8a205f058c07c3a402906f2f69b72770c6f1e1b52579	a0bac28045cb008e591ddf3d3de500bccc4f3a2bc46c4c24d31fdb8df2bb89b6
new02-ppmd-oracle-results-v1	PASS	4352d71ee8f4479c17312750d3b08f7095f0fb57737fbf55ac8877b10e0864ba	708cda945a285526610371d812e4f54725eb6baf	236	holdout/exe.bin/order=4/mem=256MiB	holdout	exe.bin	exe.bin	false	39384	a63158e6e5bce20616425f5d61e5bd7374bb5bccf15bbb93ae2e40238248f179	4	256	0-15	13267	6898fbdc2d883d6e8223363ccd9261296464f5b368def31a20c37c34889d6dc5	PPMD:o4:mem20	"[""exe.bin""]"	0	0	0.0	6272	0	0.0	5888	0	true	true	true	39384	a63158e6e5bce20616425f5d61e5bd7374bb5bccf15bbb93ae2e40238248f179	a078e9f69e38185762e55102be5d040bffb823ad79539887694e607426f24764	e5aab16675806aee98092fdbad95c934ec14d3519724a3e2ad78530fd7367faa
new02-ppmd-oracle-results-v1	PASS	4352d71ee8f4479c17312750d3b08f7095f0fb57737fbf55ac8877b10e0864ba	708cda945a285526610371d812e4f54725eb6baf	237	holdout/exe.bin/order=6/mem=16MiB	holdout	exe.bin	exe.bin	false	39384	a63158e6e5bce20616425f5d61e5bd7374bb5bccf15bbb93ae2e40238248f179	6	16	0-15	13139	63dbc20d5a6908e7f705c9c09c13db4c7d99dccc8ba57ee2721ef9dd5af3e8ef	PPMD:o6:mem20	"[""exe.bin""]"	0	0	0.0	6400	0	0.0	6272	0	true	true	true	39384	a63158e6e5bce20616425f5d61e5bd7374bb5bccf15bbb93ae2e40238248f179	a7519fdc43983fe3d831aa49db1c0667e01c8e9d747f94a2dea50c04e38ed1a1	7f56c32725aff6024ca27b4a1dc61bd08635b2afdbca216c594732d70a79e98e
new02-ppmd-oracle-results-v1	PASS	4352d71ee8f4479c17312750d3b08f7095f0fb57737fbf55ac8877b10e0864ba	708cda945a285526610371d812e4f54725eb6baf	238	holdout/exe.bin/order=6/mem=64MiB	holdout	exe.bin	exe.bin	false	39384	a63158e6e5bce20616425f5d61e5bd7374bb5bccf15bbb93ae2e40238248f179	6	64	0-15	13139	63dbc20d5a6908e7f705c9c09c13db4c7d99dccc8ba57ee2721ef9dd5af3e8ef	PPMD:o6:mem20	"[""exe.bin""]"	0	0	0.0	6400	0	0.0	6272	0	true	true	true	39384	a63158e6e5bce20616425f5d61e5bd7374bb5bccf15bbb93ae2e40238248f179	d752d9447186d2789e7e84f7e557af3aa0b03c37b2daeb2f7432774301700dc5	6f2191b5a4d1e2a511416bf216f6ec6976540cee6d79869e31dbd52da91e37ab
new02-ppmd-oracle-results-v1	PASS	4352d71ee8f4479c17312750d3b08f7095f0fb57737fbf55ac8877b10e0864ba	708cda945a285526610371d812e4f54725eb6baf	239	holdout/exe.bin/order=6/mem=256MiB	holdout	exe.bin	exe.bin	false	39384	a63158e6e5bce20616425f5d61e5bd7374bb5bccf15bbb93ae2e40238248f179	6	256	0-15	13139	63dbc20d5a6908e7f705c9c09c13db4c7d99dccc8ba57ee2721ef9dd5af3e8ef	PPMD:o6:mem20	"[""exe.bin""]"	0	0	0.0	6400	0	0.0	6272	0	true	true	true	39384	a63158e6e5bce20616425f5d61e5bd7374bb5bccf15bbb93ae2e40238248f179	e3bbfd8413b43071162dee8b83f4e81696cf856fc477ba1b378414e9eb773d18	f40cee8df721046ae0b05b78e0fb7240d5a4847d77bd56991ec6e689cbf54f86
new02-ppmd-oracle-results-v1	PASS	4352d71ee8f4479c17312750d3b08f7095f0fb57737fbf55ac8877b10e0864ba	708cda945a285526610371d812e4f54725eb6baf	240	holdout/exe.bin/order=8/mem=16MiB	holdout	exe.bin	exe.bin	false	39384	a63158e6e5bce20616425f5d61e5bd7374bb5bccf15bbb93ae2e40238248f179	8	16	0-15	13064	5d0066a075fe91514c1d442383a3912ea2af4a880f4812abe4b2f1cd3543432d	PPMD:o8:mem20	"[""exe.bin""]"	0	0	0.0	6400	0	0.0	6272	0	true	true	true	39384	a63158e6e5bce20616425f5d61e5bd7374bb5bccf15bbb93ae2e40238248f179	f7bc04e9ec47ed83cecc0a4bd7367e293fce3c5714cd876f9bbe32a8f24a5357	dbd429244ebcac4184d86efa54d93f2398be2ed5b61a40ad3487e3a869fcec3f
new02-ppmd-oracle-results-v1	PASS	4352d71ee8f4479c17312750d3b08f7095f0fb57737fbf55ac8877b10e0864ba	708cda945a285526610371d812e4f54725eb6baf	241	holdout/exe.bin/order=8/mem=64MiB	holdout	exe.bin	exe.bin	false	39384	a63158e6e5bce20616425f5d61e5bd7374bb5bccf15bbb93ae2e40238248f179	8	64	0-15	13064	5d0066a075fe91514c1d442383a3912ea2af4a880f4812abe4b2f1cd3543432d	PPMD:o8:mem20	"[""exe.bin""]"	0	0	0.0	6400	0	0.0	6272	0	true	true	true	39384	a63158e6e5bce20616425f5d61e5bd7374bb5bccf15bbb93ae2e40238248f179	9e1ed0ddd482939185138865b9324ad67d7461a07ecfc1ba6d528e1df04fb3a3	a17efb8e75ddb814519406bd67bb540d955e8a9eff3ed9140ba6fbfd8bad30e8
new02-ppmd-oracle-results-v1	PASS	4352d71ee8f4479c17312750d3b08f7095f0fb57737fbf55ac8877b10e0864ba	708cda945a285526610371d812e4f54725eb6baf	242	holdout/exe.bin/order=8/mem=256MiB	holdout	exe.bin	exe.bin	false	39384	a63158e6e5bce20616425f5d61e5bd7374bb5bccf15bbb93ae2e40238248f179	8	256	0-15	13064	5d0066a075fe91514c1d442383a3912ea2af4a880f4812abe4b2f1cd3543432d	PPMD:o8:mem20	"[""exe.bin""]"	0	0	0.0	6400	0	0.0	6272	0	true	true	true	39384	a63158e6e5bce20616425f5d61e5bd7374bb5bccf15bbb93ae2e40238248f179	860cdd759d5515369fe2f1f2fdb6032a3227afa663f3f1bb1bce0cca5d1767d2	0b043f5bb962834aa4fcb08b8071d7079e705789437eb696aaaee91fc2a082b4
